[
  {
    "name": "Process Start",
    "start": 1639388214100,
    "end": 1639388215510,
    "duration": 1410,
    "pid": 70444,
    "index": 0
  },
  {
    "name": "Application Start",
    "start": 1639388215511,
    "end": 1639388218026,
    "duration": 2515,
    "pid": 70444,
    "index": 1
  },
  {
    "name": "Load Plugin",
    "start": 1639388215520,
    "end": 1639388215594,
    "duration": 74,
    "pid": 70444,
    "index": 2
  },
  {
    "name": "Load Config",
    "start": 1639388215594,
    "end": 1639388215670,
    "duration": 76,
    "pid": 70444,
    "index": 3
  },
  {
    "name": "Require(0) config/config.default.js",
    "start": 1639388215598,
    "end": 1639388215610,
    "duration": 12,
    "pid": 70444,
    "index": 4
  },
  {
    "name": "Require(1) node_modules/_egg-session@3.3.0@egg-session/config/config.default.js",
    "start": 1639388215614,
    "end": 1639388215615,
    "duration": 1,
    "pid": 70444,
    "index": 5
  },
  {
    "name": "Require(2) node_modules/_egg-security@2.9.0@egg-security/config/config.default.js",
    "start": 1639388215616,
    "end": 1639388215618,
    "duration": 2,
    "pid": 70444,
    "index": 6
  },
  {
    "name": "Require(3) node_modules/_egg-jsonp@2.0.0@egg-jsonp/config/config.default.js",
    "start": 1639388215619,
    "end": 1639388215620,
    "duration": 1,
    "pid": 70444,
    "index": 7
  },
  {
    "name": "Require(4) node_modules/_egg-onerror@2.1.0@egg-onerror/config/config.default.js",
    "start": 1639388215621,
    "end": 1639388215621,
    "duration": 0,
    "pid": 70444,
    "index": 8
  },
  {
    "name": "Require(5) node_modules/_egg-i18n@2.1.1@egg-i18n/config/config.default.js",
    "start": 1639388215622,
    "end": 1639388215623,
    "duration": 1,
    "pid": 70444,
    "index": 9
  },
  {
    "name": "Require(6) node_modules/_egg-watcher@3.1.1@egg-watcher/config/config.default.js",
    "start": 1639388215623,
    "end": 1639388215624,
    "duration": 1,
    "pid": 70444,
    "index": 10
  },
  {
    "name": "Require(7) node_modules/_egg-schedule@3.6.6@egg-schedule/config/config.default.js",
    "start": 1639388215624,
    "end": 1639388215625,
    "duration": 1,
    "pid": 70444,
    "index": 11
  },
  {
    "name": "Require(8) node_modules/_egg-multipart@2.13.1@egg-multipart/config/config.default.js",
    "start": 1639388215626,
    "end": 1639388215626,
    "duration": 0,
    "pid": 70444,
    "index": 12
  },
  {
    "name": "Require(9) node_modules/_egg-development@2.7.0@egg-development/config/config.default.js",
    "start": 1639388215627,
    "end": 1639388215628,
    "duration": 1,
    "pid": 70444,
    "index": 13
  },
  {
    "name": "Require(10) node_modules/_egg-logrotator@3.1.0@egg-logrotator/config/config.default.js",
    "start": 1639388215631,
    "end": 1639388215632,
    "duration": 1,
    "pid": 70444,
    "index": 14
  },
  {
    "name": "Require(11) node_modules/_egg-static@2.2.0@egg-static/config/config.default.js",
    "start": 1639388215633,
    "end": 1639388215635,
    "duration": 2,
    "pid": 70444,
    "index": 15
  },
  {
    "name": "Require(12) node_modules/_egg-view@2.1.3@egg-view/config/config.default.js",
    "start": 1639388215636,
    "end": 1639388215636,
    "duration": 0,
    "pid": 70444,
    "index": 16
  },
  {
    "name": "Require(13) node_modules/_egg-mysql@3.0.0@egg-mysql/config/config.default.js",
    "start": 1639388215637,
    "end": 1639388215638,
    "duration": 1,
    "pid": 70444,
    "index": 17
  },
  {
    "name": "Require(14) node_modules/_egg-sequelize@5.2.2@egg-sequelize/config/config.default.js",
    "start": 1639388215638,
    "end": 1639388215639,
    "duration": 1,
    "pid": 70444,
    "index": 18
  },
  {
    "name": "Require(15) node_modules/_egg-redis@2.4.0@egg-redis/config/config.default.js",
    "start": 1639388215639,
    "end": 1639388215640,
    "duration": 1,
    "pid": 70444,
    "index": 19
  },
  {
    "name": "Require(16) node_modules/_egg-session-redis@2.1.0@egg-session-redis/config/config.default.js",
    "start": 1639388215641,
    "end": 1639388215641,
    "duration": 0,
    "pid": 70444,
    "index": 20
  },
  {
    "name": "Require(17) node_modules/_egg-validate@2.0.2@egg-validate/config/config.default.js",
    "start": 1639388215642,
    "end": 1639388215642,
    "duration": 0,
    "pid": 70444,
    "index": 21
  },
  {
    "name": "Require(18) node_modules/_egg-jwt@3.1.7@egg-jwt/config/config.default.js",
    "start": 1639388215643,
    "end": 1639388215644,
    "duration": 1,
    "pid": 70444,
    "index": 22
  },
  {
    "name": "Require(19) node_modules/_egg-socket.io@4.1.6@egg-socket.io/config/config.default.js",
    "start": 1639388215647,
    "end": 1639388215649,
    "duration": 2,
    "pid": 70444,
    "index": 23
  },
  {
    "name": "Require(20) node_modules/_egg-cors@2.2.3@egg-cors/config/config.default.js",
    "start": 1639388215651,
    "end": 1639388215651,
    "duration": 0,
    "pid": 70444,
    "index": 24
  },
  {
    "name": "Require(21) node_modules/_egg@2.33.0@egg/config/config.default.js",
    "start": 1639388215652,
    "end": 1639388215653,
    "duration": 1,
    "pid": 70444,
    "index": 25
  },
  {
    "name": "Require(22) config/config.default.js",
    "start": 1639388215654,
    "end": 1639388215654,
    "duration": 0,
    "pid": 70444,
    "index": 26
  },
  {
    "name": "Require(23) node_modules/_egg-security@2.9.0@egg-security/config/config.local.js",
    "start": 1639388215655,
    "end": 1639388215656,
    "duration": 1,
    "pid": 70444,
    "index": 27
  },
  {
    "name": "Require(24) node_modules/_egg-watcher@3.1.1@egg-watcher/config/config.local.js",
    "start": 1639388215657,
    "end": 1639388215658,
    "duration": 1,
    "pid": 70444,
    "index": 28
  },
  {
    "name": "Require(25) node_modules/_egg-view@2.1.3@egg-view/config/config.local.js",
    "start": 1639388215660,
    "end": 1639388215660,
    "duration": 0,
    "pid": 70444,
    "index": 29
  },
  {
    "name": "Require(26) node_modules/_egg@2.33.0@egg/config/config.local.js",
    "start": 1639388215669,
    "end": 1639388215670,
    "duration": 1,
    "pid": 70444,
    "index": 30
  },
  {
    "name": "Load extend/application.js",
    "start": 1639388215671,
    "end": 1639388216124,
    "duration": 453,
    "pid": 70444,
    "index": 31
  },
  {
    "name": "Require(27) node_modules/_egg-session@3.3.0@egg-session/app/extend/application.js",
    "start": 1639388215672,
    "end": 1639388215673,
    "duration": 1,
    "pid": 70444,
    "index": 32
  },
  {
    "name": "Require(28) node_modules/_egg-security@2.9.0@egg-security/app/extend/application.js",
    "start": 1639388215673,
    "end": 1639388215675,
    "duration": 2,
    "pid": 70444,
    "index": 33
  },
  {
    "name": "Require(29) node_modules/_egg-jsonp@2.0.0@egg-jsonp/app/extend/application.js",
    "start": 1639388215676,
    "end": 1639388215685,
    "duration": 9,
    "pid": 70444,
    "index": 34
  },
  {
    "name": "Require(30) node_modules/_egg-logrotator@3.1.0@egg-logrotator/app/extend/application.js",
    "start": 1639388215688,
    "end": 1639388215693,
    "duration": 5,
    "pid": 70444,
    "index": 35
  },
  {
    "name": "Require(31) node_modules/_egg-view@2.1.3@egg-view/app/extend/application.js",
    "start": 1639388215695,
    "end": 1639388215702,
    "duration": 7,
    "pid": 70444,
    "index": 36
  },
  {
    "name": "Require(32) node_modules/_egg-jwt@3.1.7@egg-jwt/app/extend/application.js",
    "start": 1639388215705,
    "end": 1639388215961,
    "duration": 256,
    "pid": 70444,
    "index": 37
  },
  {
    "name": "Require(33) node_modules/_egg-socket.io@4.1.6@egg-socket.io/app/extend/application.js",
    "start": 1639388215967,
    "end": 1639388216085,
    "duration": 118,
    "pid": 70444,
    "index": 38
  },
  {
    "name": "Require(34) app/extend/application.js",
    "start": 1639388216087,
    "end": 1639388216111,
    "duration": 24,
    "pid": 70444,
    "index": 39
  },
  {
    "name": "Load extend/request.js",
    "start": 1639388216124,
    "end": 1639388216155,
    "duration": 31,
    "pid": 70444,
    "index": 40
  },
  {
    "name": "Require(35) node_modules/_egg@2.33.0@egg/app/extend/request.js",
    "start": 1639388216138,
    "end": 1639388216141,
    "duration": 3,
    "pid": 70444,
    "index": 41
  },
  {
    "name": "Load extend/response.js",
    "start": 1639388216155,
    "end": 1639388216188,
    "duration": 33,
    "pid": 70444,
    "index": 42
  },
  {
    "name": "Require(36) node_modules/_egg@2.33.0@egg/app/extend/response.js",
    "start": 1639388216169,
    "end": 1639388216174,
    "duration": 5,
    "pid": 70444,
    "index": 43
  },
  {
    "name": "Load extend/context.js",
    "start": 1639388216188,
    "end": 1639388216380,
    "duration": 192,
    "pid": 70444,
    "index": 44
  },
  {
    "name": "Require(37) node_modules/_egg-security@2.9.0@egg-security/app/extend/context.js",
    "start": 1639388216189,
    "end": 1639388216225,
    "duration": 36,
    "pid": 70444,
    "index": 45
  },
  {
    "name": "Require(38) node_modules/_egg-jsonp@2.0.0@egg-jsonp/app/extend/context.js",
    "start": 1639388216225,
    "end": 1639388216233,
    "duration": 8,
    "pid": 70444,
    "index": 46
  },
  {
    "name": "Require(39) node_modules/_egg-i18n@2.1.1@egg-i18n/app/extend/context.js",
    "start": 1639388216234,
    "end": 1639388216235,
    "duration": 1,
    "pid": 70444,
    "index": 47
  },
  {
    "name": "Require(40) node_modules/_egg-multipart@2.13.1@egg-multipart/app/extend/context.js",
    "start": 1639388216237,
    "end": 1639388216351,
    "duration": 114,
    "pid": 70444,
    "index": 48
  },
  {
    "name": "Require(41) node_modules/_egg-view@2.1.3@egg-view/app/extend/context.js",
    "start": 1639388216354,
    "end": 1639388216356,
    "duration": 2,
    "pid": 70444,
    "index": 49
  },
  {
    "name": "Require(42) node_modules/_egg-validate@2.0.2@egg-validate/app/extend/context.js",
    "start": 1639388216358,
    "end": 1639388216358,
    "duration": 0,
    "pid": 70444,
    "index": 50
  },
  {
    "name": "Require(43) node_modules/_egg-passport@2.1.1@egg-passport/app/extend/context.js",
    "start": 1639388216360,
    "end": 1639388216360,
    "duration": 0,
    "pid": 70444,
    "index": 51
  },
  {
    "name": "Require(44) node_modules/_egg@2.33.0@egg/app/extend/context.js",
    "start": 1639388216363,
    "end": 1639388216366,
    "duration": 3,
    "pid": 70444,
    "index": 52
  },
  {
    "name": "Require(45) app/extend/context.js",
    "start": 1639388216367,
    "end": 1639388216367,
    "duration": 0,
    "pid": 70444,
    "index": 53
  },
  {
    "name": "Load extend/helper.js",
    "start": 1639388216380,
    "end": 1639388216437,
    "duration": 57,
    "pid": 70444,
    "index": 54
  },
  {
    "name": "Require(46) node_modules/_egg-security@2.9.0@egg-security/app/extend/helper.js",
    "start": 1639388216382,
    "end": 1639388216411,
    "duration": 29,
    "pid": 70444,
    "index": 55
  },
  {
    "name": "Require(47) node_modules/_egg@2.33.0@egg/app/extend/helper.js",
    "start": 1639388216422,
    "end": 1639388216422,
    "duration": 0,
    "pid": 70444,
    "index": 56
  },
  {
    "name": "Require(48) app/extend/helper.js",
    "start": 1639388216423,
    "end": 1639388216424,
    "duration": 1,
    "pid": 70444,
    "index": 57
  },
  {
    "name": "Load app.js",
    "start": 1639388216437,
    "end": 1639388216655,
    "duration": 218,
    "pid": 70444,
    "index": 58
  },
  {
    "name": "Require(49) node_modules/_egg-session@3.3.0@egg-session/app.js",
    "start": 1639388216438,
    "end": 1639388216438,
    "duration": 0,
    "pid": 70444,
    "index": 59
  },
  {
    "name": "Require(50) node_modules/_egg-security@2.9.0@egg-security/app.js",
    "start": 1639388216439,
    "end": 1639388216441,
    "duration": 2,
    "pid": 70444,
    "index": 60
  },
  {
    "name": "Require(51) node_modules/_egg-onerror@2.1.0@egg-onerror/app.js",
    "start": 1639388216443,
    "end": 1639388216466,
    "duration": 23,
    "pid": 70444,
    "index": 61
  },
  {
    "name": "Require(52) node_modules/_egg-i18n@2.1.1@egg-i18n/app.js",
    "start": 1639388216466,
    "end": 1639388216482,
    "duration": 16,
    "pid": 70444,
    "index": 62
  },
  {
    "name": "Require(53) node_modules/_egg-watcher@3.1.1@egg-watcher/app.js",
    "start": 1639388216482,
    "end": 1639388216490,
    "duration": 8,
    "pid": 70444,
    "index": 63
  },
  {
    "name": "Require(54) node_modules/_egg-schedule@3.6.6@egg-schedule/app.js",
    "start": 1639388216490,
    "end": 1639388216495,
    "duration": 5,
    "pid": 70444,
    "index": 64
  },
  {
    "name": "Require(55) node_modules/_egg-multipart@2.13.1@egg-multipart/app.js",
    "start": 1639388216497,
    "end": 1639388216498,
    "duration": 1,
    "pid": 70444,
    "index": 65
  },
  {
    "name": "Require(56) node_modules/_egg-development@2.7.0@egg-development/app.js",
    "start": 1639388216499,
    "end": 1639388216499,
    "duration": 0,
    "pid": 70444,
    "index": 66
  },
  {
    "name": "Require(57) node_modules/_egg-logrotator@3.1.0@egg-logrotator/app.js",
    "start": 1639388216500,
    "end": 1639388216501,
    "duration": 1,
    "pid": 70444,
    "index": 67
  },
  {
    "name": "Require(58) node_modules/_egg-static@2.2.0@egg-static/app.js",
    "start": 1639388216501,
    "end": 1639388216502,
    "duration": 1,
    "pid": 70444,
    "index": 68
  },
  {
    "name": "Require(59) node_modules/_egg-mysql@3.0.0@egg-mysql/app.js",
    "start": 1639388216503,
    "end": 1639388216535,
    "duration": 32,
    "pid": 70444,
    "index": 69
  },
  {
    "name": "Require(60) node_modules/_egg-sequelize@5.2.2@egg-sequelize/app.js",
    "start": 1639388216536,
    "end": 1639388216537,
    "duration": 1,
    "pid": 70444,
    "index": 70
  },
  {
    "name": "Require(61) node_modules/_egg-redis@2.4.0@egg-redis/app.js",
    "start": 1639388216537,
    "end": 1639388216541,
    "duration": 4,
    "pid": 70444,
    "index": 71
  },
  {
    "name": "Require(62) node_modules/_egg-session-redis@2.1.0@egg-session-redis/app.js",
    "start": 1639388216541,
    "end": 1639388216542,
    "duration": 1,
    "pid": 70444,
    "index": 72
  },
  {
    "name": "Require(63) node_modules/_egg-validate@2.0.2@egg-validate/app.js",
    "start": 1639388216543,
    "end": 1639388216548,
    "duration": 5,
    "pid": 70444,
    "index": 73
  },
  {
    "name": "Require(64) node_modules/_egg-jwt@3.1.7@egg-jwt/app.js",
    "start": 1639388216549,
    "end": 1639388216549,
    "duration": 0,
    "pid": 70444,
    "index": 74
  },
  {
    "name": "Require(65) node_modules/_egg-passport@2.1.1@egg-passport/app.js",
    "start": 1639388216550,
    "end": 1639388216576,
    "duration": 26,
    "pid": 70444,
    "index": 75
  },
  {
    "name": "Require(66) node_modules/_egg-socket.io@4.1.6@egg-socket.io/app.js",
    "start": 1639388216577,
    "end": 1639388216652,
    "duration": 75,
    "pid": 70444,
    "index": 76
  },
  {
    "name": "Require(67) node_modules/_egg-cors@2.2.3@egg-cors/app.js",
    "start": 1639388216653,
    "end": 1639388216653,
    "duration": 0,
    "pid": 70444,
    "index": 77
  },
  {
    "name": "Require(68) app.js",
    "start": 1639388216654,
    "end": 1639388216655,
    "duration": 1,
    "pid": 70444,
    "index": 78
  },
  {
    "name": "Before Start in node_modules/_egg-watcher@3.1.1@egg-watcher/lib/init.js:15:14",
    "start": 1639388216673,
    "end": 1639388218001,
    "duration": 1328,
    "pid": 70444,
    "index": 79
  },
  {
    "name": "Before Start in node_modules/_egg-mysql@3.0.0@egg-mysql/lib/mysql.js:20:7",
    "start": 1639388216841,
    "end": 1639388218003,
    "duration": 1162,
    "pid": 70444,
    "index": 80
  },
  {
    "name": "Load \"Symbol(model)\" to Application",
    "start": 1639388217378,
    "end": 1639388217440,
    "duration": 62,
    "pid": 70444,
    "index": 81
  },
  {
    "name": "Before Start in node_modules/_egg-sequelize@5.2.2@egg-sequelize/lib/loader.js:39:7",
    "start": 1639388217440,
    "end": 1639388218026,
    "duration": 586,
    "pid": 70444,
    "index": 82
  },
  {
    "name": "Before Start in node_modules/_egg-redis@2.4.0@egg-redis/lib/redis.js:53:7",
    "start": 1639388217533,
    "end": 1639388217534,
    "duration": 1,
    "pid": 70444,
    "index": 83
  },
  {
    "name": "Before Start in node_modules/_egg-redis@2.4.0@egg-redis/lib/redis.js:53:7",
    "start": 1639388217534,
    "end": 1639388217534,
    "duration": 0,
    "pid": 70444,
    "index": 84
  },
  {
    "name": "Before Start in node_modules/_egg-redis@2.4.0@egg-redis/lib/redis.js:53:7",
    "start": 1639388217534,
    "end": 1639388217969,
    "duration": 435,
    "pid": 70444,
    "index": 85
  },
  {
    "name": "Load Controller",
    "start": 1639388217555,
    "end": 1639388217855,
    "duration": 300,
    "pid": 70444,
    "index": 86
  },
  {
    "name": "Load \"controller\" to Application",
    "start": 1639388217555,
    "end": 1639388217855,
    "duration": 300,
    "pid": 70444,
    "index": 87
  },
  {
    "name": "Before Start in node_modules/_egg-socket.io@4.1.6@egg-socket.io/lib/io.js:26:7",
    "start": 1639388217573,
    "end": 1639388217928,
    "duration": 355,
    "pid": 70444,
    "index": 88
  },
  {
    "name": "Before Start in app.js:4:7",
    "start": 1639388217574,
    "end": 1639388217928,
    "duration": 354,
    "pid": 70444,
    "index": 89
  },
  {
    "name": "Load Service",
    "start": 1639388217574,
    "end": 1639388217614,
    "duration": 40,
    "pid": 70444,
    "index": 90
  },
  {
    "name": "Load \"service\" to Context",
    "start": 1639388217574,
    "end": 1639388217614,
    "duration": 40,
    "pid": 70444,
    "index": 91
  },
  {
    "name": "Load Middleware",
    "start": 1639388217614,
    "end": 1639388217855,
    "duration": 241,
    "pid": 70444,
    "index": 92
  },
  {
    "name": "Load \"middlewares\" to Application",
    "start": 1639388217614,
    "end": 1639388217822,
    "duration": 208,
    "pid": 70444,
    "index": 93
  },
  {
    "name": "Load Controller",
    "start": 1639388217855,
    "end": 1639388217877,
    "duration": 22,
    "pid": 70444,
    "index": 94
  },
  {
    "name": "Load \"controller\" to Application",
    "start": 1639388217855,
    "end": 1639388217877,
    "duration": 22,
    "pid": 70444,
    "index": 95
  },
  {
    "name": "Load Router",
    "start": 1639388217877,
    "end": 1639388217882,
    "duration": 5,
    "pid": 70444,
    "index": 96
  },
  {
    "name": "Require(69) app/router.js",
    "start": 1639388217878,
    "end": 1639388217878,
    "duration": 0,
    "pid": 70444,
    "index": 97
  },
  {
    "name": "Before Start in node_modules/_egg-core@4.21.0@egg-core/lib/egg.js:303:10",
    "start": 1639388217879,
    "end": 1639388217928,
    "duration": 49,
    "pid": 70444,
    "index": 98
  }
]