{
  "config": {
    "session": {
      "maxAge": 86400000,
      "key": "EGG_SESS",
      "httpOnly": true,
      "encrypt": true,
      "logValue": true,
      "store": {
        "get": "<AsyncFunction get>",
        "set": "<AsyncFunction set>",
        "destroy": "<AsyncFunction destroy>"
      },
      "overwrite": true,
      "signed": true,
      "autoCommit": true,
      "encode": "<Function encode>",
      "decode": "<Function decode>",
      "genid": "<Function v4>"
    },
    "security": {
      "domainWhiteList": [
        "*"
      ],
      "protocolWhiteList": [],
      "defaultMiddleware": "csrf,hsts,methodnoallow,noopen,nosniff,csp,xssProtection,xframe,dta",
      "csrf": {
        "enable": false,
        "type": "ctoken",
        "ignoreJSON": false,
        "useSession": false,
        "cookieName": "csrfToken",
        "sessionName": "csrfToken",
        "headerName": "x-csrf-token",
        "bodyName": "_csrf",
        "queryName": "_csrf",
        "refererWhiteList": []
      },
      "xframe": {
        "enable": true,
        "value": "SAMEORIGIN",
        "matching": "<Function anonymous>"
      },
      "hsts": {
        "enable": false,
        "maxAge": 31536000,
        "includeSubdomains": false
      },
      "dta": {
        "enable": true,
        "matching": "<Function anonymous>"
      },
      "methodnoallow": {
        "enable": true,
        "matching": "<Function anonymous>"
      },
      "noopen": {
        "enable": true,
        "matching": "<Function anonymous>"
      },
      "nosniff": {
        "enable": true,
        "matching": "<Function anonymous>"
      },
      "referrerPolicy": {
        "enable": false,
        "value": "no-referrer-when-downgrade"
      },
      "xssProtection": {
        "enable": true,
        "value": "1; mode=block",
        "matching": "<Function anonymous>"
      },
      "csp": {
        "enable": false,
        "policy": {}
      },
      "ssrf": {
        "ipBlackList": null,
        "ipExceptionList": null,
        "checkAddress": null
      },
      "_protocolWhiteListSet": "<Set>"
    },
    "helper": {
      "shtml": {}
    },
    "jsonp": {
      "limit": 50,
      "callback": [
        "_callback",
        "callback"
      ],
      "csrf": false
    },
    "onerror": {
      "errorPageUrl": "",
      "appErrorFilter": null,
      "templatePath": "C:\\Users\\Administrator\\Desktop\\weapp-vue-eggjs-shop-demo\\server_eggjs\\node_modules\\_egg-onerror@2.1.0@egg-onerror\\lib\\onerror_page.mustache"
    },
    "i18n": {
      "defaultLocale": "en_US",
      "dirs": [
        "C:\\Users\\Administrator\\Desktop\\weapp-vue-eggjs-shop-demo\\server_eggjs\\node_modules\\_egg-session@3.3.0@egg-session\\config\\locales",
        "C:\\Users\\Administrator\\Desktop\\weapp-vue-eggjs-shop-demo\\server_eggjs\\node_modules\\_egg-security@2.9.0@egg-security\\config\\locales",
        "C:\\Users\\Administrator\\Desktop\\weapp-vue-eggjs-shop-demo\\server_eggjs\\node_modules\\_egg-jsonp@2.0.0@egg-jsonp\\config\\locales",
        "C:\\Users\\Administrator\\Desktop\\weapp-vue-eggjs-shop-demo\\server_eggjs\\node_modules\\_egg-onerror@2.1.0@egg-onerror\\config\\locales",
        "C:\\Users\\Administrator\\Desktop\\weapp-vue-eggjs-shop-demo\\server_eggjs\\node_modules\\_egg-i18n@2.1.1@egg-i18n\\config\\locales",
        "C:\\Users\\Administrator\\Desktop\\weapp-vue-eggjs-shop-demo\\server_eggjs\\node_modules\\_egg-watcher@3.1.1@egg-watcher\\config\\locales",
        "C:\\Users\\Administrator\\Desktop\\weapp-vue-eggjs-shop-demo\\server_eggjs\\node_modules\\_egg-schedule@3.6.6@egg-schedule\\config\\locales",
        "C:\\Users\\Administrator\\Desktop\\weapp-vue-eggjs-shop-demo\\server_eggjs\\node_modules\\_egg-multipart@2.13.1@egg-multipart\\config\\locales",
        "C:\\Users\\Administrator\\Desktop\\weapp-vue-eggjs-shop-demo\\server_eggjs\\node_modules\\_egg-development@2.7.0@egg-development\\config\\locales",
        "C:\\Users\\Administrator\\Desktop\\weapp-vue-eggjs-shop-demo\\server_eggjs\\node_modules\\_egg-logrotator@3.1.0@egg-logrotator\\config\\locales",
        "C:\\Users\\Administrator\\Desktop\\weapp-vue-eggjs-shop-demo\\server_eggjs\\node_modules\\_egg-static@2.2.0@egg-static\\config\\locales",
        "C:\\Users\\Administrator\\Desktop\\weapp-vue-eggjs-shop-demo\\server_eggjs\\node_modules\\_egg-view@2.1.3@egg-view\\config\\locales",
        "C:\\Users\\Administrator\\Desktop\\weapp-vue-eggjs-shop-demo\\server_eggjs\\node_modules\\_egg-mysql@3.0.0@egg-mysql\\config\\locales",
        "C:\\Users\\Administrator\\Desktop\\weapp-vue-eggjs-shop-demo\\server_eggjs\\node_modules\\_egg-sequelize@5.2.2@egg-sequelize\\config\\locales",
        "C:\\Users\\Administrator\\Desktop\\weapp-vue-eggjs-shop-demo\\server_eggjs\\node_modules\\_egg-redis@2.4.0@egg-redis\\config\\locales",
        "C:\\Users\\Administrator\\Desktop\\weapp-vue-eggjs-shop-demo\\server_eggjs\\node_modules\\_egg-session-redis@2.1.0@egg-session-redis\\config\\locales",
        "C:\\Users\\Administrator\\Desktop\\weapp-vue-eggjs-shop-demo\\server_eggjs\\node_modules\\_egg-validate@2.0.2@egg-validate\\config\\locales",
        "C:\\Users\\Administrator\\Desktop\\weapp-vue-eggjs-shop-demo\\server_eggjs\\node_modules\\_egg-jwt@3.1.7@egg-jwt\\config\\locales",
        "C:\\Users\\Administrator\\Desktop\\weapp-vue-eggjs-shop-demo\\server_eggjs\\node_modules\\_egg-passport@2.1.1@egg-passport\\config\\locales",
        "C:\\Users\\Administrator\\Desktop\\weapp-vue-eggjs-shop-demo\\server_eggjs\\node_modules\\_egg-socket.io@4.1.6@egg-socket.io\\config\\locales",
        "C:\\Users\\Administrator\\Desktop\\weapp-vue-eggjs-shop-demo\\server_eggjs\\node_modules\\_egg-cors@2.2.3@egg-cors\\config\\locales",
        "C:\\Users\\Administrator\\Desktop\\weapp-vue-eggjs-shop-demo\\server_eggjs\\node_modules\\_egg@2.33.0@egg\\config\\locales",
        "C:\\Users\\Administrator\\Desktop\\weapp-vue-eggjs-shop-demo\\server_eggjs\\config\\locales"
      ],
      "queryField": "locale",
      "cookieField": "locale",
      "cookieDomain": "",
      "cookieMaxAge": "1y",
      "functionName": "__"
    },
    "watcher": {
      "type": "development",
      "eventSources": {
        "default": "C:\\Users\\Administrator\\Desktop\\weapp-vue-eggjs-shop-demo\\server_eggjs\\node_modules\\_egg-watcher@3.1.1@egg-watcher\\lib\\event-sources\\default",
        "development": "C:\\Users\\Administrator\\Desktop\\weapp-vue-eggjs-shop-demo\\server_eggjs\\node_modules\\_egg-watcher@3.1.1@egg-watcher\\lib\\event-sources\\development"
      }
    },
    "customLogger": {
      "scheduleLogger": {
        "consoleLevel": "NONE",
        "file": "egg-schedule.log"
      }
    },
    "schedule": {
      "directory": []
    },
    "multipart": {
      "mode": "stream",
      "autoFields": false,
      "defaultCharset": "utf8",
      "fieldNameSize": 100,
      "fieldSize": 102400,
      "fields": 10,
      "fileSize": 10485760,
      "files": 10,
      "fileExtensions": [],
      "whitelist": null,
      "allowArrayField": false,
      "tmpdir": "C:\\Users\\ADMINI\\x7e1\\AppData\\Local\\Temp\\egg-multipart-tmp\\server_eggjs",
      "cleanSchedule": {
        "cron": "0 30 4 * * *",
        "disable": false
      }
    },
    "development": {
      "watchDirs": [],
      "ignoreDirs": [],
      "fastReady": false,
      "reloadOnDebug": true,
      "overrideDefault": false,
      "overrideIgnore": false
    },
    "logrotator": {
      "filesRotateByHour": null,
      "hourDelimiter": "-",
      "filesRotateBySize": null,
      "maxFileSize": 52428800,
      "maxFiles": 10,
      "rotateDuration": 60000,
      "maxDays": 31
    },
    "static": {
      "prefix": "/public/",
      "dir": "C:\\Users\\Administrator\\Desktop\\weapp-vue-eggjs-shop-demo\\server_eggjs\\app\\public",
      "dynamic": true,
      "preload": false,
      "buffer": false,
      "maxFiles": 1000
    },
    "view": {
      "root": "C:\\Users\\Administrator\\Desktop\\weapp-vue-eggjs-shop-demo\\server_eggjs\\app\\view",
      "cache": false,
      "defaultExtension": ".html",
      "defaultViewEngine": "",
      "mapping": {}
    },
    "mysql": {
      "default": {
        "database": null,
        "connectionLimit": 5
      },
      "app": true,
      "agent": false,
      "client": {
        "host": "127.0.0.1",
        "port": "3306",
        "user": "root",
        "password": "<String len: 10>",
        "database": "app"
      }
    },
    "sequelize": {
      "dialect": "mysql",
      "database": "app",
      "host": "127.0.0.1",
      "port": "3306",
      "username": "root",
      "password": "<String len: 10>",
      "timezone": "+08:00",
      "define": {
        "createdAt": "createdTime",
        "updatedAt": "lastModifiedTime",
        "freezeTableName": true,
        "underscored": false,
        "getterMethods": {
          "createdTime": "<Function createdTime>",
          "lastModifiedTime": "<Function lastModifiedTime>"
        },
        "setterMethods": {
          "version": "<Function version>"
        }
      }
    },
    "redis": {
      "default": {},
      "app": true,
      "agent": true,
      "supportTimeCommand": true,
      "clients": {
        "default": {
          "host": "127.0.0.1",
          "port": "6379",
          "password": "<String len: 0>",
          "db": "0"
        },
        "subscribe": {
          "host": "127.0.0.1",
          "port": "6379",
          "password": "<String len: 0>",
          "db": "1"
        },
        "session": {
          "host": "127.0.0.1",
          "port": "6379",
          "password": "<String len: 0>",
          "db": "2"
        }
      }
    },
    "sessionRedis": {
      "name": "session"
    },
    "validate": {},
    "jwt": {
      "secret": "<String len: 6>",
      "enable": false
    },
    "io": {
      "init": {
        "path": "/socket.io",
        "allowRequest": "<Function bound >"
      },
      "namespace": {
        "/": {
          "connectionMiddleware": [],
          "packetMiddleware": []
        }
      }
    },
    "cors": {
      "originL": "*",
      "allowMethods": "GET,HEAD,PUT,POST,DELETE,PATCH",
      "origin": "<Function corsOrigin>"
    },
    "env": "local",
    "name": "server_eggjs",
    "keys": "<String len: 30>",
    "cookies": {},
    "proxy": false,
    "maxIpsCount": 0,
    "maxProxyCount": 0,
    "protocolHeaders": "x-forwarded-proto",
    "ipHeaders": "x-forwarded-for",
    "hostHeaders": "",
    "pkg": {
      "name": "server_eggjs",
      "version": "2.0.0",
      "description": "app server",
      "private": true,
      "dependencies": {
        "egg": "^2.26.0",
        "egg-cors": "^2.2.3",
        "egg-jwt": "^3.1.7",
        "egg-mysql": "^3.0.0",
        "egg-passport": "^2.1.0",
        "egg-redis": "^2.4.0",
        "egg-scripts": "^2.12.0",
        "egg-sequelize": "^5.2.0",
        "egg-session-redis": "^2.1.0",
        "egg-socket.io": "^4.1.6",
        "egg-validate": "^2.0.2",
        "fecha": "^3.0.3",
        "lodash": "^4.17.15",
        "md5": "^2.2.1",
        "mysql2": "^2.0.2",
        "passport-local": "^1.0.0",
        "uuid": "^3.3.3"
      },
      "devDependencies": {
        "autod": "^3.1.0",
        "autod-egg": "^1.1.0",
        "babel-eslint": "^10.0.3",
        "egg-bin": "^4.14.0",
        "egg-ci": "^1.13.1",
        "egg-mock": "^3.25.0",
        "eslint": "^6.7.2",
        "eslint-config-egg": "^8.0.0",
        "sequelize-cli": "^5.5.1",
        "webstorm-disable-index": "^1.2.0"
      },
      "engines": {
        "node": ">=8.9.0"
      },
      "scripts": {
        "start": "egg-scripts start --daemon --title=egg-server-app-server --sticky",
        "stop": "egg-scripts stop --title=egg-server-app-server",
        "dev": "egg-bin dev --sticky",
        "debug": "egg-bin debug --sticky",
        "test": "npm run lint -- --fix && npm run test-local",
        "test-local": "egg-bin test",
        "cov": "egg-bin cov",
        "lint": "eslint .",
        "ci": "npm run lint && npm run cov",
        "autod": "autod",
        "db:init": "npx sequelize migration:generate --name",
        "db:up": "npx sequelize db:migrate",
        "db:down": "npx sequelize db:migrate:undo",
        "db:down-all": "npx sequelize db:migrate:undo:all"
      },
      "ci": {
        "version": "8"
      },
      "repository": {
        "type": "git",
        "url": ""
      },
      "author": "ruiyong.lee@gmail.com",
      "license": "MIT"
    },
    "baseDir": "C:\\Users\\Administrator\\Desktop\\weapp-vue-eggjs-shop-demo\\server_eggjs",
    "HOME": "C:\\Users\\Administrator",
    "rundir": "C:\\Users\\Administrator\\Desktop\\weapp-vue-eggjs-shop-demo\\server_eggjs\\run",
    "dump": {
      "ignore": "<Set>"
    },
    "confusedConfigurations": {
      "bodyparser": "bodyParser",
      "notFound": "notfound",
      "sitefile": "siteFile",
      "middlewares": "middleware",
      "httpClient": "httpclient"
    },
    "notfound": {
      "pageUrl": ""
    },
    "siteFile": {
      "/favicon.ico": "<Buffer len: 6463>"
    },
    "bodyParser": {
      "enable": true,
      "encoding": "utf8",
      "formLimit": "1mb",
      "jsonLimit": "1mb",
      "textLimit": "1mb",
      "strict": true,
      "queryString": {
        "arrayLimit": 100,
        "depth": 5,
        "parameterLimit": 1000
      },
      "returnRawBody": true
    },
    "logger": {
      "dir": "C:\\Users\\Administrator\\Desktop\\weapp-vue-eggjs-shop-demo\\server_eggjs\\logs\\server_eggjs",
      "encoding": "utf8",
      "env": "local",
      "level": "INFO",
      "consoleLevel": "INFO",
      "disableConsoleAfterReady": false,
      "outputJSON": false,
      "buffer": true,
      "appLogName": "server_eggjs-web.log",
      "coreLogName": "egg-web.log",
      "agentLogName": "egg-agent.log",
      "errorLogName": "common-error.log",
      "coreLogger": {
        "consoleLevel": "WARN"
      },
      "allowDebugAtProd": false,
      "enablePerformanceTimer": false,
      "type": "application"
    },
    "httpclient": {
      "enableDNSCache": false,
      "dnsCacheLookupInterval": 10000,
      "dnsCacheMaxLength": 1000,
      "request": {
        "timeout": 5000
      },
      "httpAgent": {
        "keepAlive": true,
        "freeSocketTimeout": 4000,
        "maxSockets": 9007199254740991,
        "maxFreeSockets": 256
      },
      "httpsAgent": {
        "keepAlive": true,
        "freeSocketTimeout": 4000,
        "maxSockets": 9007199254740991,
        "maxFreeSockets": 256
      }
    },
    "meta": {
      "enable": true,
      "logging": false
    },
    "coreMiddleware": [
      "cors",
      "meta",
      "siteFile",
      "notfound",
      "static",
      "bodyParser",
      "overrideMethod",
      "session",
      "securities",
      "i18n",
      "eggLoaderTrace",
      "passportInitialize",
      "passportSession"
    ],
    "workerStartTimeout": 600000,
    "serverTimeout": null,
    "cluster": {
      "listen": {
        "path": "",
        "port": 7001,
        "hostname": ""
      }
    },
    "clusterClient": {
      "maxWaitTime": 60000,
      "responseTimeout": 60000
    },
    "onClientError": null,
    "middleware": [
      "jwt",
      "auth",
      "errorHandler"
    ],
    "coreMiddlewares": "~config~coreMiddleware",
    "appMiddlewares": "~config~middleware",
    "appMiddleware": "~config~middleware",
    "multipartParseOptions": {
      "autoFields": false,
      "defCharset": "utf8",
      "limits": {
        "fieldNameSize": 100,
        "fieldSize": 102400,
        "fields": 10,
        "fileSize": 10485760,
        "files": 10
      },
      "checkFile": "<Function checkFile>"
    }
  },
  "plugins": {
    "onerror": {
      "enable": true,
      "package": "egg-onerror",
      "name": "onerror",
      "dependencies": [],
      "optionalDependencies": [
        "jsonp"
      ],
      "env": [],
      "from": "C:\\Users\\Administrator\\Desktop\\weapp-vue-eggjs-shop-demo\\server_eggjs\\node_modules\\_egg@2.33.0@egg\\config\\plugin.js",
      "path": "C:\\Users\\Administrator\\Desktop\\weapp-vue-eggjs-shop-demo\\server_eggjs\\node_modules\\_egg-onerror@2.1.0@egg-onerror",
      "version": "2.1.0"
    },
    "session": {
      "enable": true,
      "package": "egg-session",
      "name": "session",
      "dependencies": [],
      "optionalDependencies": [],
      "env": [],
      "from": "C:\\Users\\Administrator\\Desktop\\weapp-vue-eggjs-shop-demo\\server_eggjs\\node_modules\\_egg@2.33.0@egg\\config\\plugin.js",
      "path": "C:\\Users\\Administrator\\Desktop\\weapp-vue-eggjs-shop-demo\\server_eggjs\\node_modules\\_egg-session@3.3.0@egg-session",
      "version": "3.3.0"
    },
    "i18n": {
      "enable": true,
      "package": "egg-i18n",
      "name": "i18n",
      "dependencies": [],
      "optionalDependencies": [],
      "env": [],
      "from": "C:\\Users\\Administrator\\Desktop\\weapp-vue-eggjs-shop-demo\\server_eggjs\\node_modules\\_egg@2.33.0@egg\\config\\plugin.js",
      "path": "C:\\Users\\Administrator\\Desktop\\weapp-vue-eggjs-shop-demo\\server_eggjs\\node_modules\\_egg-i18n@2.1.1@egg-i18n",
      "version": "2.1.1"
    },
    "watcher": {
      "enable": true,
      "package": "egg-watcher",
      "name": "watcher",
      "dependencies": [],
      "optionalDependencies": [],
      "env": [],
      "from": "C:\\Users\\Administrator\\Desktop\\weapp-vue-eggjs-shop-demo\\server_eggjs\\node_modules\\_egg@2.33.0@egg\\config\\plugin.js",
      "path": "C:\\Users\\Administrator\\Desktop\\weapp-vue-eggjs-shop-demo\\server_eggjs\\node_modules\\_egg-watcher@3.1.1@egg-watcher",
      "version": "3.1.1"
    },
    "multipart": {
      "enable": true,
      "package": "egg-multipart",
      "name": "multipart",
      "dependencies": [],
      "optionalDependencies": [
        "schedule"
      ],
      "env": [],
      "from": "C:\\Users\\Administrator\\Desktop\\weapp-vue-eggjs-shop-demo\\server_eggjs\\node_modules\\_egg@2.33.0@egg\\config\\plugin.js",
      "path": "C:\\Users\\Administrator\\Desktop\\weapp-vue-eggjs-shop-demo\\server_eggjs\\node_modules\\_egg-multipart@2.13.1@egg-multipart",
      "version": "2.13.1"
    },
    "security": {
      "enable": true,
      "package": "egg-security",
      "name": "security",
      "dependencies": [],
      "optionalDependencies": [
        "session"
      ],
      "env": [],
      "from": "C:\\Users\\Administrator\\Desktop\\weapp-vue-eggjs-shop-demo\\server_eggjs\\node_modules\\_egg@2.33.0@egg\\config\\plugin.js",
      "path": "C:\\Users\\Administrator\\Desktop\\weapp-vue-eggjs-shop-demo\\server_eggjs\\node_modules\\_egg-security@2.9.0@egg-security",
      "version": "2.9.0"
    },
    "development": {
      "enable": true,
      "package": "egg-development",
      "name": "development",
      "dependencies": [
        "watcher"
      ],
      "optionalDependencies": [],
      "env": [
        "local"
      ],
      "from": "C:\\Users\\Administrator\\Desktop\\weapp-vue-eggjs-shop-demo\\server_eggjs\\node_modules\\_egg@2.33.0@egg\\config\\plugin.js",
      "path": "C:\\Users\\Administrator\\Desktop\\weapp-vue-eggjs-shop-demo\\server_eggjs\\node_modules\\_egg-development@2.7.0@egg-development",
      "version": "2.7.0"
    },
    "logrotator": {
      "enable": true,
      "package": "egg-logrotator",
      "name": "logrotator",
      "dependencies": [
        "schedule"
      ],
      "optionalDependencies": [],
      "env": [],
      "from": "C:\\Users\\Administrator\\Desktop\\weapp-vue-eggjs-shop-demo\\server_eggjs\\node_modules\\_egg@2.33.0@egg\\config\\plugin.js",
      "path": "C:\\Users\\Administrator\\Desktop\\weapp-vue-eggjs-shop-demo\\server_eggjs\\node_modules\\_egg-logrotator@3.1.0@egg-logrotator",
      "version": "3.1.0"
    },
    "schedule": {
      "enable": true,
      "package": "egg-schedule",
      "name": "schedule",
      "dependencies": [],
      "optionalDependencies": [],
      "env": [],
      "from": "C:\\Users\\Administrator\\Desktop\\weapp-vue-eggjs-shop-demo\\server_eggjs\\node_modules\\_egg@2.33.0@egg\\config\\plugin.js",
      "path": "C:\\Users\\Administrator\\Desktop\\weapp-vue-eggjs-shop-demo\\server_eggjs\\node_modules\\_egg-schedule@3.6.6@egg-schedule",
      "version": "3.6.6"
    },
    "static": {
      "enable": true,
      "package": "egg-static",
      "name": "static",
      "dependencies": [],
      "optionalDependencies": [],
      "env": [],
      "from": "C:\\Users\\Administrator\\Desktop\\weapp-vue-eggjs-shop-demo\\server_eggjs\\node_modules\\_egg@2.33.0@egg\\config\\plugin.js",
      "path": "C:\\Users\\Administrator\\Desktop\\weapp-vue-eggjs-shop-demo\\server_eggjs\\node_modules\\_egg-static@2.2.0@egg-static",
      "version": "2.2.0"
    },
    "jsonp": {
      "enable": true,
      "package": "egg-jsonp",
      "name": "jsonp",
      "dependencies": [],
      "optionalDependencies": [
        "security"
      ],
      "env": [],
      "from": "C:\\Users\\Administrator\\Desktop\\weapp-vue-eggjs-shop-demo\\server_eggjs\\node_modules\\_egg@2.33.0@egg\\config\\plugin.js",
      "path": "C:\\Users\\Administrator\\Desktop\\weapp-vue-eggjs-shop-demo\\server_eggjs\\node_modules\\_egg-jsonp@2.0.0@egg-jsonp",
      "version": "2.0.0"
    },
    "view": {
      "enable": true,
      "package": "egg-view",
      "name": "view",
      "dependencies": [],
      "optionalDependencies": [],
      "env": [],
      "from": "C:\\Users\\Administrator\\Desktop\\weapp-vue-eggjs-shop-demo\\server_eggjs\\node_modules\\_egg@2.33.0@egg\\config\\plugin.js",
      "path": "C:\\Users\\Administrator\\Desktop\\weapp-vue-eggjs-shop-demo\\server_eggjs\\node_modules\\_egg-view@2.1.3@egg-view",
      "version": "2.1.3"
    },
    "mysql": {
      "enable": true,
      "package": "egg-mysql",
      "name": "mysql",
      "dependencies": [],
      "optionalDependencies": [],
      "env": [],
      "from": "C:\\Users\\Administrator\\Desktop\\weapp-vue-eggjs-shop-demo\\server_eggjs\\config\\plugin.js",
      "path": "C:\\Users\\Administrator\\Desktop\\weapp-vue-eggjs-shop-demo\\server_eggjs\\node_modules\\_egg-mysql@3.0.0@egg-mysql",
      "version": "3.0.0"
    },
    "sequelize": {
      "enable": true,
      "package": "egg-sequelize",
      "name": "sequelize",
      "dependencies": [],
      "optionalDependencies": [],
      "env": [],
      "from": "C:\\Users\\Administrator\\Desktop\\weapp-vue-eggjs-shop-demo\\server_eggjs\\config\\plugin.js",
      "path": "C:\\Users\\Administrator\\Desktop\\weapp-vue-eggjs-shop-demo\\server_eggjs\\node_modules\\_egg-sequelize@5.2.2@egg-sequelize",
      "version": "5.2.2"
    },
    "redis": {
      "enable": true,
      "package": "egg-redis",
      "name": "redis",
      "dependencies": [],
      "optionalDependencies": [],
      "env": [],
      "from": "C:\\Users\\Administrator\\Desktop\\weapp-vue-eggjs-shop-demo\\server_eggjs\\config\\plugin.js",
      "path": "C:\\Users\\Administrator\\Desktop\\weapp-vue-eggjs-shop-demo\\server_eggjs\\node_modules\\_egg-redis@2.4.0@egg-redis",
      "version": "2.4.0"
    },
    "sessionRedis": {
      "enable": true,
      "package": "egg-session-redis",
      "name": "sessionRedis",
      "dependencies": [
        "redis"
      ],
      "optionalDependencies": [],
      "env": [],
      "from": "C:\\Users\\Administrator\\Desktop\\weapp-vue-eggjs-shop-demo\\server_eggjs\\config\\plugin.js",
      "path": "C:\\Users\\Administrator\\Desktop\\weapp-vue-eggjs-shop-demo\\server_eggjs\\node_modules\\_egg-session-redis@2.1.0@egg-session-redis",
      "version": "2.1.0"
    },
    "validate": {
      "enable": true,
      "package": "egg-validate",
      "name": "validate",
      "dependencies": [],
      "optionalDependencies": [],
      "env": [],
      "from": "C:\\Users\\Administrator\\Desktop\\weapp-vue-eggjs-shop-demo\\server_eggjs\\config\\plugin.js",
      "path": "C:\\Users\\Administrator\\Desktop\\weapp-vue-eggjs-shop-demo\\server_eggjs\\node_modules\\_egg-validate@2.0.2@egg-validate",
      "version": "2.0.2"
    },
    "jwt": {
      "enable": true,
      "package": "egg-jwt",
      "name": "jwt",
      "dependencies": [],
      "optionalDependencies": [
        "onerror"
      ],
      "env": [],
      "from": "C:\\Users\\Administrator\\Desktop\\weapp-vue-eggjs-shop-demo\\server_eggjs\\config\\plugin.js",
      "path": "C:\\Users\\Administrator\\Desktop\\weapp-vue-eggjs-shop-demo\\server_eggjs\\node_modules\\_egg-jwt@3.1.7@egg-jwt",
      "version": "3.1.7"
    },
    "passport": {
      "enable": true,
      "package": "egg-passport",
      "name": "passport",
      "dependencies": [
        "session"
      ],
      "optionalDependencies": [],
      "env": [],
      "from": "C:\\Users\\Administrator\\Desktop\\weapp-vue-eggjs-shop-demo\\server_eggjs\\config\\plugin.js",
      "path": "C:\\Users\\Administrator\\Desktop\\weapp-vue-eggjs-shop-demo\\server_eggjs\\node_modules\\_egg-passport@2.1.1@egg-passport",
      "version": "2.1.1"
    },
    "io": {
      "enable": true,
      "package": "egg-socket.io",
      "name": "io",
      "dependencies": [
        "session"
      ],
      "optionalDependencies": [],
      "env": [],
      "from": "C:\\Users\\Administrator\\Desktop\\weapp-vue-eggjs-shop-demo\\server_eggjs\\config\\plugin.js",
      "path": "C:\\Users\\Administrator\\Desktop\\weapp-vue-eggjs-shop-demo\\server_eggjs\\node_modules\\_egg-socket.io@4.1.6@egg-socket.io",
      "version": "4.1.6"
    },
    "cors": {
      "enable": true,
      "package": "egg-cors",
      "name": "cors",
      "dependencies": [],
      "optionalDependencies": [],
      "env": [],
      "from": "C:\\Users\\Administrator\\Desktop\\weapp-vue-eggjs-shop-demo\\server_eggjs\\config\\plugin.js",
      "path": "C:\\Users\\Administrator\\Desktop\\weapp-vue-eggjs-shop-demo\\server_eggjs\\node_modules\\_egg-cors@2.2.3@egg-cors",
      "version": "2.2.3"
    }
  }
}