[
  {
    "name": "Process Start",
    "start": 1639387233621,
    "end": 1639387234910,
    "duration": 1289,
    "pid": 63680,
    "index": 0
  },
  {
    "name": "Application Start",
    "start": 1639387234912,
    "end": 1639387237837,
    "duration": 2925,
    "pid": 63680,
    "index": 1
  },
  {
    "name": "Load Plugin",
    "start": 1639387234920,
    "end": 1639387234984,
    "duration": 64,
    "pid": 63680,
    "index": 2
  },
  {
    "name": "Load Config",
    "start": 1639387234984,
    "end": 1639387235065,
    "duration": 81,
    "pid": 63680,
    "index": 3
  },
  {
    "name": "Require(0) config/config.default.js",
    "start": 1639387234986,
    "end": 1639387235001,
    "duration": 15,
    "pid": 63680,
    "index": 4
  },
  {
    "name": "Require(1) node_modules/_egg-session@3.3.0@egg-session/config/config.default.js",
    "start": 1639387235004,
    "end": 1639387235005,
    "duration": 1,
    "pid": 63680,
    "index": 5
  },
  {
    "name": "Require(2) node_modules/_egg-security@2.9.0@egg-security/config/config.default.js",
    "start": 1639387235006,
    "end": 1639387235006,
    "duration": 0,
    "pid": 63680,
    "index": 6
  },
  {
    "name": "Require(3) node_modules/_egg-jsonp@2.0.0@egg-jsonp/config/config.default.js",
    "start": 1639387235010,
    "end": 1639387235010,
    "duration": 0,
    "pid": 63680,
    "index": 7
  },
  {
    "name": "Require(4) node_modules/_egg-onerror@2.1.0@egg-onerror/config/config.default.js",
    "start": 1639387235011,
    "end": 1639387235012,
    "duration": 1,
    "pid": 63680,
    "index": 8
  },
  {
    "name": "Require(5) node_modules/_egg-i18n@2.1.1@egg-i18n/config/config.default.js",
    "start": 1639387235013,
    "end": 1639387235013,
    "duration": 0,
    "pid": 63680,
    "index": 9
  },
  {
    "name": "Require(6) node_modules/_egg-watcher@3.1.1@egg-watcher/config/config.default.js",
    "start": 1639387235014,
    "end": 1639387235015,
    "duration": 1,
    "pid": 63680,
    "index": 10
  },
  {
    "name": "Require(7) node_modules/_egg-schedule@3.6.6@egg-schedule/config/config.default.js",
    "start": 1639387235015,
    "end": 1639387235016,
    "duration": 1,
    "pid": 63680,
    "index": 11
  },
  {
    "name": "Require(8) node_modules/_egg-multipart@2.13.1@egg-multipart/config/config.default.js",
    "start": 1639387235017,
    "end": 1639387235017,
    "duration": 0,
    "pid": 63680,
    "index": 12
  },
  {
    "name": "Require(9) node_modules/_egg-development@2.7.0@egg-development/config/config.default.js",
    "start": 1639387235018,
    "end": 1639387235019,
    "duration": 1,
    "pid": 63680,
    "index": 13
  },
  {
    "name": "Require(10) node_modules/_egg-logrotator@3.1.0@egg-logrotator/config/config.default.js",
    "start": 1639387235020,
    "end": 1639387235020,
    "duration": 0,
    "pid": 63680,
    "index": 14
  },
  {
    "name": "Require(11) node_modules/_egg-static@2.2.0@egg-static/config/config.default.js",
    "start": 1639387235021,
    "end": 1639387235022,
    "duration": 1,
    "pid": 63680,
    "index": 15
  },
  {
    "name": "Require(12) node_modules/_egg-view@2.1.3@egg-view/config/config.default.js",
    "start": 1639387235025,
    "end": 1639387235027,
    "duration": 2,
    "pid": 63680,
    "index": 16
  },
  {
    "name": "Require(13) node_modules/_egg-mysql@3.0.0@egg-mysql/config/config.default.js",
    "start": 1639387235028,
    "end": 1639387235030,
    "duration": 2,
    "pid": 63680,
    "index": 17
  },
  {
    "name": "Require(14) node_modules/_egg-sequelize@5.2.2@egg-sequelize/config/config.default.js",
    "start": 1639387235031,
    "end": 1639387235031,
    "duration": 0,
    "pid": 63680,
    "index": 18
  },
  {
    "name": "Require(15) node_modules/_egg-redis@2.4.0@egg-redis/config/config.default.js",
    "start": 1639387235032,
    "end": 1639387235033,
    "duration": 1,
    "pid": 63680,
    "index": 19
  },
  {
    "name": "Require(16) node_modules/_egg-session-redis@2.1.0@egg-session-redis/config/config.default.js",
    "start": 1639387235034,
    "end": 1639387235034,
    "duration": 0,
    "pid": 63680,
    "index": 20
  },
  {
    "name": "Require(17) node_modules/_egg-validate@2.0.2@egg-validate/config/config.default.js",
    "start": 1639387235035,
    "end": 1639387235036,
    "duration": 1,
    "pid": 63680,
    "index": 21
  },
  {
    "name": "Require(18) node_modules/_egg-jwt@3.1.7@egg-jwt/config/config.default.js",
    "start": 1639387235037,
    "end": 1639387235038,
    "duration": 1,
    "pid": 63680,
    "index": 22
  },
  {
    "name": "Require(19) node_modules/_egg-socket.io@4.1.6@egg-socket.io/config/config.default.js",
    "start": 1639387235046,
    "end": 1639387235047,
    "duration": 1,
    "pid": 63680,
    "index": 23
  },
  {
    "name": "Require(20) node_modules/_egg-cors@2.2.3@egg-cors/config/config.default.js",
    "start": 1639387235048,
    "end": 1639387235049,
    "duration": 1,
    "pid": 63680,
    "index": 24
  },
  {
    "name": "Require(21) node_modules/_egg@2.33.0@egg/config/config.default.js",
    "start": 1639387235049,
    "end": 1639387235050,
    "duration": 1,
    "pid": 63680,
    "index": 25
  },
  {
    "name": "Require(22) config/config.default.js",
    "start": 1639387235051,
    "end": 1639387235051,
    "duration": 0,
    "pid": 63680,
    "index": 26
  },
  {
    "name": "Require(23) node_modules/_egg-security@2.9.0@egg-security/config/config.local.js",
    "start": 1639387235053,
    "end": 1639387235053,
    "duration": 0,
    "pid": 63680,
    "index": 27
  },
  {
    "name": "Require(24) node_modules/_egg-watcher@3.1.1@egg-watcher/config/config.local.js",
    "start": 1639387235056,
    "end": 1639387235056,
    "duration": 0,
    "pid": 63680,
    "index": 28
  },
  {
    "name": "Require(25) node_modules/_egg-view@2.1.3@egg-view/config/config.local.js",
    "start": 1639387235060,
    "end": 1639387235060,
    "duration": 0,
    "pid": 63680,
    "index": 29
  },
  {
    "name": "Require(26) node_modules/_egg@2.33.0@egg/config/config.local.js",
    "start": 1639387235064,
    "end": 1639387235065,
    "duration": 1,
    "pid": 63680,
    "index": 30
  },
  {
    "name": "Load extend/application.js",
    "start": 1639387235066,
    "end": 1639387235338,
    "duration": 272,
    "pid": 63680,
    "index": 31
  },
  {
    "name": "Require(27) node_modules/_egg-session@3.3.0@egg-session/app/extend/application.js",
    "start": 1639387235067,
    "end": 1639387235068,
    "duration": 1,
    "pid": 63680,
    "index": 32
  },
  {
    "name": "Require(28) node_modules/_egg-security@2.9.0@egg-security/app/extend/application.js",
    "start": 1639387235068,
    "end": 1639387235071,
    "duration": 3,
    "pid": 63680,
    "index": 33
  },
  {
    "name": "Require(29) node_modules/_egg-jsonp@2.0.0@egg-jsonp/app/extend/application.js",
    "start": 1639387235072,
    "end": 1639387235076,
    "duration": 4,
    "pid": 63680,
    "index": 34
  },
  {
    "name": "Require(30) node_modules/_egg-logrotator@3.1.0@egg-logrotator/app/extend/application.js",
    "start": 1639387235079,
    "end": 1639387235084,
    "duration": 5,
    "pid": 63680,
    "index": 35
  },
  {
    "name": "Require(31) node_modules/_egg-view@2.1.3@egg-view/app/extend/application.js",
    "start": 1639387235086,
    "end": 1639387235090,
    "duration": 4,
    "pid": 63680,
    "index": 36
  },
  {
    "name": "Require(32) node_modules/_egg-jwt@3.1.7@egg-jwt/app/extend/application.js",
    "start": 1639387235094,
    "end": 1639387235184,
    "duration": 90,
    "pid": 63680,
    "index": 37
  },
  {
    "name": "Require(33) node_modules/_egg-socket.io@4.1.6@egg-socket.io/app/extend/application.js",
    "start": 1639387235185,
    "end": 1639387235301,
    "duration": 116,
    "pid": 63680,
    "index": 38
  },
  {
    "name": "Require(34) app/extend/application.js",
    "start": 1639387235303,
    "end": 1639387235328,
    "duration": 25,
    "pid": 63680,
    "index": 39
  },
  {
    "name": "Load extend/request.js",
    "start": 1639387235338,
    "end": 1639387235381,
    "duration": 43,
    "pid": 63680,
    "index": 40
  },
  {
    "name": "Require(35) node_modules/_egg@2.33.0@egg/app/extend/request.js",
    "start": 1639387235353,
    "end": 1639387235364,
    "duration": 11,
    "pid": 63680,
    "index": 41
  },
  {
    "name": "Load extend/response.js",
    "start": 1639387235381,
    "end": 1639387235449,
    "duration": 68,
    "pid": 63680,
    "index": 42
  },
  {
    "name": "Require(36) node_modules/_egg@2.33.0@egg/app/extend/response.js",
    "start": 1639387235399,
    "end": 1639387235405,
    "duration": 6,
    "pid": 63680,
    "index": 43
  },
  {
    "name": "Load extend/context.js",
    "start": 1639387235449,
    "end": 1639387235637,
    "duration": 188,
    "pid": 63680,
    "index": 44
  },
  {
    "name": "Require(37) node_modules/_egg-security@2.9.0@egg-security/app/extend/context.js",
    "start": 1639387235450,
    "end": 1639387235485,
    "duration": 35,
    "pid": 63680,
    "index": 45
  },
  {
    "name": "Require(38) node_modules/_egg-jsonp@2.0.0@egg-jsonp/app/extend/context.js",
    "start": 1639387235486,
    "end": 1639387235490,
    "duration": 4,
    "pid": 63680,
    "index": 46
  },
  {
    "name": "Require(39) node_modules/_egg-i18n@2.1.1@egg-i18n/app/extend/context.js",
    "start": 1639387235492,
    "end": 1639387235492,
    "duration": 0,
    "pid": 63680,
    "index": 47
  },
  {
    "name": "Require(40) node_modules/_egg-multipart@2.13.1@egg-multipart/app/extend/context.js",
    "start": 1639387235495,
    "end": 1639387235607,
    "duration": 112,
    "pid": 63680,
    "index": 48
  },
  {
    "name": "Require(41) node_modules/_egg-view@2.1.3@egg-view/app/extend/context.js",
    "start": 1639387235609,
    "end": 1639387235611,
    "duration": 2,
    "pid": 63680,
    "index": 49
  },
  {
    "name": "Require(42) node_modules/_egg-validate@2.0.2@egg-validate/app/extend/context.js",
    "start": 1639387235614,
    "end": 1639387235615,
    "duration": 1,
    "pid": 63680,
    "index": 50
  },
  {
    "name": "Require(43) node_modules/_egg-passport@2.1.1@egg-passport/app/extend/context.js",
    "start": 1639387235616,
    "end": 1639387235617,
    "duration": 1,
    "pid": 63680,
    "index": 51
  },
  {
    "name": "Require(44) node_modules/_egg@2.33.0@egg/app/extend/context.js",
    "start": 1639387235619,
    "end": 1639387235622,
    "duration": 3,
    "pid": 63680,
    "index": 52
  },
  {
    "name": "Require(45) app/extend/context.js",
    "start": 1639387235622,
    "end": 1639387235623,
    "duration": 1,
    "pid": 63680,
    "index": 53
  },
  {
    "name": "Load extend/helper.js",
    "start": 1639387235638,
    "end": 1639387235811,
    "duration": 173,
    "pid": 63680,
    "index": 54
  },
  {
    "name": "Require(46) node_modules/_egg-security@2.9.0@egg-security/app/extend/helper.js",
    "start": 1639387235639,
    "end": 1639387235770,
    "duration": 131,
    "pid": 63680,
    "index": 55
  },
  {
    "name": "Require(47) node_modules/_egg@2.33.0@egg/app/extend/helper.js",
    "start": 1639387235790,
    "end": 1639387235790,
    "duration": 0,
    "pid": 63680,
    "index": 56
  },
  {
    "name": "Require(48) app/extend/helper.js",
    "start": 1639387235791,
    "end": 1639387235797,
    "duration": 6,
    "pid": 63680,
    "index": 57
  },
  {
    "name": "Load app.js",
    "start": 1639387235812,
    "end": 1639387236139,
    "duration": 327,
    "pid": 63680,
    "index": 58
  },
  {
    "name": "Require(49) node_modules/_egg-session@3.3.0@egg-session/app.js",
    "start": 1639387235814,
    "end": 1639387235817,
    "duration": 3,
    "pid": 63680,
    "index": 59
  },
  {
    "name": "Require(50) node_modules/_egg-security@2.9.0@egg-security/app.js",
    "start": 1639387235819,
    "end": 1639387235827,
    "duration": 8,
    "pid": 63680,
    "index": 60
  },
  {
    "name": "Require(51) node_modules/_egg-onerror@2.1.0@egg-onerror/app.js",
    "start": 1639387235831,
    "end": 1639387235866,
    "duration": 35,
    "pid": 63680,
    "index": 61
  },
  {
    "name": "Require(52) node_modules/_egg-i18n@2.1.1@egg-i18n/app.js",
    "start": 1639387235867,
    "end": 1639387235887,
    "duration": 20,
    "pid": 63680,
    "index": 62
  },
  {
    "name": "Require(53) node_modules/_egg-watcher@3.1.1@egg-watcher/app.js",
    "start": 1639387235888,
    "end": 1639387235902,
    "duration": 14,
    "pid": 63680,
    "index": 63
  },
  {
    "name": "Require(54) node_modules/_egg-schedule@3.6.6@egg-schedule/app.js",
    "start": 1639387235903,
    "end": 1639387235907,
    "duration": 4,
    "pid": 63680,
    "index": 64
  },
  {
    "name": "Require(55) node_modules/_egg-multipart@2.13.1@egg-multipart/app.js",
    "start": 1639387235910,
    "end": 1639387235911,
    "duration": 1,
    "pid": 63680,
    "index": 65
  },
  {
    "name": "Require(56) node_modules/_egg-development@2.7.0@egg-development/app.js",
    "start": 1639387235913,
    "end": 1639387235913,
    "duration": 0,
    "pid": 63680,
    "index": 66
  },
  {
    "name": "Require(57) node_modules/_egg-logrotator@3.1.0@egg-logrotator/app.js",
    "start": 1639387235914,
    "end": 1639387235916,
    "duration": 2,
    "pid": 63680,
    "index": 67
  },
  {
    "name": "Require(58) node_modules/_egg-static@2.2.0@egg-static/app.js",
    "start": 1639387235916,
    "end": 1639387235917,
    "duration": 1,
    "pid": 63680,
    "index": 68
  },
  {
    "name": "Require(59) node_modules/_egg-mysql@3.0.0@egg-mysql/app.js",
    "start": 1639387235918,
    "end": 1639387235958,
    "duration": 40,
    "pid": 63680,
    "index": 69
  },
  {
    "name": "Require(60) node_modules/_egg-sequelize@5.2.2@egg-sequelize/app.js",
    "start": 1639387235959,
    "end": 1639387235960,
    "duration": 1,
    "pid": 63680,
    "index": 70
  },
  {
    "name": "Require(61) node_modules/_egg-redis@2.4.0@egg-redis/app.js",
    "start": 1639387235961,
    "end": 1639387235966,
    "duration": 5,
    "pid": 63680,
    "index": 71
  },
  {
    "name": "Require(62) node_modules/_egg-session-redis@2.1.0@egg-session-redis/app.js",
    "start": 1639387235967,
    "end": 1639387235967,
    "duration": 0,
    "pid": 63680,
    "index": 72
  },
  {
    "name": "Require(63) node_modules/_egg-validate@2.0.2@egg-validate/app.js",
    "start": 1639387235968,
    "end": 1639387235976,
    "duration": 8,
    "pid": 63680,
    "index": 73
  },
  {
    "name": "Require(64) node_modules/_egg-jwt@3.1.7@egg-jwt/app.js",
    "start": 1639387235978,
    "end": 1639387235979,
    "duration": 1,
    "pid": 63680,
    "index": 74
  },
  {
    "name": "Require(65) node_modules/_egg-passport@2.1.1@egg-passport/app.js",
    "start": 1639387235980,
    "end": 1639387236016,
    "duration": 36,
    "pid": 63680,
    "index": 75
  },
  {
    "name": "Require(66) node_modules/_egg-socket.io@4.1.6@egg-socket.io/app.js",
    "start": 1639387236016,
    "end": 1639387236135,
    "duration": 119,
    "pid": 63680,
    "index": 76
  },
  {
    "name": "Require(67) node_modules/_egg-cors@2.2.3@egg-cors/app.js",
    "start": 1639387236136,
    "end": 1639387236136,
    "duration": 0,
    "pid": 63680,
    "index": 77
  },
  {
    "name": "Require(68) app.js",
    "start": 1639387236138,
    "end": 1639387236138,
    "duration": 0,
    "pid": 63680,
    "index": 78
  },
  {
    "name": "Before Start in node_modules/_egg-watcher@3.1.1@egg-watcher/lib/init.js:15:14",
    "start": 1639387236161,
    "end": 1639387237816,
    "duration": 1655,
    "pid": 63680,
    "index": 79
  },
  {
    "name": "Before Start in node_modules/_egg-mysql@3.0.0@egg-mysql/lib/mysql.js:20:7",
    "start": 1639387236348,
    "end": 1639387237814,
    "duration": 1466,
    "pid": 63680,
    "index": 80
  },
  {
    "name": "Load \"Symbol(model)\" to Application",
    "start": 1639387237143,
    "end": 1639387237195,
    "duration": 52,
    "pid": 63680,
    "index": 81
  },
  {
    "name": "Before Start in node_modules/_egg-sequelize@5.2.2@egg-sequelize/lib/loader.js:39:7",
    "start": 1639387237195,
    "end": 1639387237837,
    "duration": 642,
    "pid": 63680,
    "index": 82
  },
  {
    "name": "Before Start in node_modules/_egg-redis@2.4.0@egg-redis/lib/redis.js:53:7",
    "start": 1639387237282,
    "end": 1639387237283,
    "duration": 1,
    "pid": 63680,
    "index": 83
  },
  {
    "name": "Before Start in node_modules/_egg-redis@2.4.0@egg-redis/lib/redis.js:53:7",
    "start": 1639387237283,
    "end": 1639387237283,
    "duration": 0,
    "pid": 63680,
    "index": 84
  },
  {
    "name": "Before Start in node_modules/_egg-redis@2.4.0@egg-redis/lib/redis.js:53:7",
    "start": 1639387237283,
    "end": 1639387237787,
    "duration": 504,
    "pid": 63680,
    "index": 85
  },
  {
    "name": "Load Controller",
    "start": 1639387237303,
    "end": 1639387237666,
    "duration": 363,
    "pid": 63680,
    "index": 86
  },
  {
    "name": "Load \"controller\" to Application",
    "start": 1639387237303,
    "end": 1639387237666,
    "duration": 363,
    "pid": 63680,
    "index": 87
  },
  {
    "name": "Before Start in node_modules/_egg-socket.io@4.1.6@egg-socket.io/lib/io.js:26:7",
    "start": 1639387237321,
    "end": 1639387237746,
    "duration": 425,
    "pid": 63680,
    "index": 88
  },
  {
    "name": "Before Start in app.js:4:7",
    "start": 1639387237321,
    "end": 1639387237746,
    "duration": 425,
    "pid": 63680,
    "index": 89
  },
  {
    "name": "Load Service",
    "start": 1639387237321,
    "end": 1639387237362,
    "duration": 41,
    "pid": 63680,
    "index": 90
  },
  {
    "name": "Load \"service\" to Context",
    "start": 1639387237321,
    "end": 1639387237362,
    "duration": 41,
    "pid": 63680,
    "index": 91
  },
  {
    "name": "Load Middleware",
    "start": 1639387237362,
    "end": 1639387237666,
    "duration": 304,
    "pid": 63680,
    "index": 92
  },
  {
    "name": "Load \"middlewares\" to Application",
    "start": 1639387237363,
    "end": 1639387237641,
    "duration": 278,
    "pid": 63680,
    "index": 93
  },
  {
    "name": "Load Controller",
    "start": 1639387237666,
    "end": 1639387237697,
    "duration": 31,
    "pid": 63680,
    "index": 94
  },
  {
    "name": "Load \"controller\" to Application",
    "start": 1639387237666,
    "end": 1639387237697,
    "duration": 31,
    "pid": 63680,
    "index": 95
  },
  {
    "name": "Load Router",
    "start": 1639387237698,
    "end": 1639387237701,
    "duration": 3,
    "pid": 63680,
    "index": 96
  },
  {
    "name": "Require(69) app/router.js",
    "start": 1639387237698,
    "end": 1639387237699,
    "duration": 1,
    "pid": 63680,
    "index": 97
  },
  {
    "name": "Before Start in node_modules/_egg-core@4.21.0@egg-core/lib/egg.js:303:10",
    "start": 1639387237699,
    "end": 1639387237746,
    "duration": 47,
    "pid": 63680,
    "index": 98
  }
]