[
  {
    "name": "Process Start",
    "start": 1639387264300,
    "end": 1639387265737,
    "duration": 1437,
    "pid": 66004,
    "index": 0
  },
  {
    "name": "Application Start",
    "start": 1639387265738,
    "end": 1639387268057,
    "duration": 2319,
    "pid": 66004,
    "index": 1
  },
  {
    "name": "Load Plugin",
    "start": 1639387265745,
    "end": 1639387265807,
    "duration": 62,
    "pid": 66004,
    "index": 2
  },
  {
    "name": "Load Config",
    "start": 1639387265807,
    "end": 1639387265878,
    "duration": 71,
    "pid": 66004,
    "index": 3
  },
  {
    "name": "Require(0) config/config.default.js",
    "start": 1639387265809,
    "end": 1639387265824,
    "duration": 15,
    "pid": 66004,
    "index": 4
  },
  {
    "name": "Require(1) node_modules/_egg-session@3.3.0@egg-session/config/config.default.js",
    "start": 1639387265827,
    "end": 1639387265827,
    "duration": 0,
    "pid": 66004,
    "index": 5
  },
  {
    "name": "Require(2) node_modules/_egg-security@2.9.0@egg-security/config/config.default.js",
    "start": 1639387265828,
    "end": 1639387265829,
    "duration": 1,
    "pid": 66004,
    "index": 6
  },
  {
    "name": "Require(3) node_modules/_egg-jsonp@2.0.0@egg-jsonp/config/config.default.js",
    "start": 1639387265830,
    "end": 1639387265831,
    "duration": 1,
    "pid": 66004,
    "index": 7
  },
  {
    "name": "Require(4) node_modules/_egg-onerror@2.1.0@egg-onerror/config/config.default.js",
    "start": 1639387265831,
    "end": 1639387265832,
    "duration": 1,
    "pid": 66004,
    "index": 8
  },
  {
    "name": "Require(5) node_modules/_egg-i18n@2.1.1@egg-i18n/config/config.default.js",
    "start": 1639387265833,
    "end": 1639387265833,
    "duration": 0,
    "pid": 66004,
    "index": 9
  },
  {
    "name": "Require(6) node_modules/_egg-watcher@3.1.1@egg-watcher/config/config.default.js",
    "start": 1639387265834,
    "end": 1639387265835,
    "duration": 1,
    "pid": 66004,
    "index": 10
  },
  {
    "name": "Require(7) node_modules/_egg-schedule@3.6.6@egg-schedule/config/config.default.js",
    "start": 1639387265835,
    "end": 1639387265836,
    "duration": 1,
    "pid": 66004,
    "index": 11
  },
  {
    "name": "Require(8) node_modules/_egg-multipart@2.13.1@egg-multipart/config/config.default.js",
    "start": 1639387265838,
    "end": 1639387265839,
    "duration": 1,
    "pid": 66004,
    "index": 12
  },
  {
    "name": "Require(9) node_modules/_egg-development@2.7.0@egg-development/config/config.default.js",
    "start": 1639387265840,
    "end": 1639387265841,
    "duration": 1,
    "pid": 66004,
    "index": 13
  },
  {
    "name": "Require(10) node_modules/_egg-logrotator@3.1.0@egg-logrotator/config/config.default.js",
    "start": 1639387265842,
    "end": 1639387265843,
    "duration": 1,
    "pid": 66004,
    "index": 14
  },
  {
    "name": "Require(11) node_modules/_egg-static@2.2.0@egg-static/config/config.default.js",
    "start": 1639387265844,
    "end": 1639387265845,
    "duration": 1,
    "pid": 66004,
    "index": 15
  },
  {
    "name": "Require(12) node_modules/_egg-view@2.1.3@egg-view/config/config.default.js",
    "start": 1639387265845,
    "end": 1639387265846,
    "duration": 1,
    "pid": 66004,
    "index": 16
  },
  {
    "name": "Require(13) node_modules/_egg-mysql@3.0.0@egg-mysql/config/config.default.js",
    "start": 1639387265847,
    "end": 1639387265847,
    "duration": 0,
    "pid": 66004,
    "index": 17
  },
  {
    "name": "Require(14) node_modules/_egg-sequelize@5.2.2@egg-sequelize/config/config.default.js",
    "start": 1639387265848,
    "end": 1639387265849,
    "duration": 1,
    "pid": 66004,
    "index": 18
  },
  {
    "name": "Require(15) node_modules/_egg-redis@2.4.0@egg-redis/config/config.default.js",
    "start": 1639387265849,
    "end": 1639387265850,
    "duration": 1,
    "pid": 66004,
    "index": 19
  },
  {
    "name": "Require(16) node_modules/_egg-session-redis@2.1.0@egg-session-redis/config/config.default.js",
    "start": 1639387265850,
    "end": 1639387265851,
    "duration": 1,
    "pid": 66004,
    "index": 20
  },
  {
    "name": "Require(17) node_modules/_egg-validate@2.0.2@egg-validate/config/config.default.js",
    "start": 1639387265852,
    "end": 1639387265854,
    "duration": 2,
    "pid": 66004,
    "index": 21
  },
  {
    "name": "Require(18) node_modules/_egg-jwt@3.1.7@egg-jwt/config/config.default.js",
    "start": 1639387265855,
    "end": 1639387265856,
    "duration": 1,
    "pid": 66004,
    "index": 22
  },
  {
    "name": "Require(19) node_modules/_egg-socket.io@4.1.6@egg-socket.io/config/config.default.js",
    "start": 1639387265859,
    "end": 1639387265860,
    "duration": 1,
    "pid": 66004,
    "index": 23
  },
  {
    "name": "Require(20) node_modules/_egg-cors@2.2.3@egg-cors/config/config.default.js",
    "start": 1639387265861,
    "end": 1639387265862,
    "duration": 1,
    "pid": 66004,
    "index": 24
  },
  {
    "name": "Require(21) node_modules/_egg@2.33.0@egg/config/config.default.js",
    "start": 1639387265863,
    "end": 1639387265864,
    "duration": 1,
    "pid": 66004,
    "index": 25
  },
  {
    "name": "Require(22) config/config.default.js",
    "start": 1639387265865,
    "end": 1639387265865,
    "duration": 0,
    "pid": 66004,
    "index": 26
  },
  {
    "name": "Require(23) node_modules/_egg-security@2.9.0@egg-security/config/config.local.js",
    "start": 1639387265866,
    "end": 1639387265866,
    "duration": 0,
    "pid": 66004,
    "index": 27
  },
  {
    "name": "Require(24) node_modules/_egg-watcher@3.1.1@egg-watcher/config/config.local.js",
    "start": 1639387265870,
    "end": 1639387265870,
    "duration": 0,
    "pid": 66004,
    "index": 28
  },
  {
    "name": "Require(25) node_modules/_egg-view@2.1.3@egg-view/config/config.local.js",
    "start": 1639387265872,
    "end": 1639387265873,
    "duration": 1,
    "pid": 66004,
    "index": 29
  },
  {
    "name": "Require(26) node_modules/_egg@2.33.0@egg/config/config.local.js",
    "start": 1639387265877,
    "end": 1639387265878,
    "duration": 1,
    "pid": 66004,
    "index": 30
  },
  {
    "name": "Load extend/application.js",
    "start": 1639387265879,
    "end": 1639387266133,
    "duration": 254,
    "pid": 66004,
    "index": 31
  },
  {
    "name": "Require(27) node_modules/_egg-session@3.3.0@egg-session/app/extend/application.js",
    "start": 1639387265880,
    "end": 1639387265881,
    "duration": 1,
    "pid": 66004,
    "index": 32
  },
  {
    "name": "Require(28) node_modules/_egg-security@2.9.0@egg-security/app/extend/application.js",
    "start": 1639387265881,
    "end": 1639387265885,
    "duration": 4,
    "pid": 66004,
    "index": 33
  },
  {
    "name": "Require(29) node_modules/_egg-jsonp@2.0.0@egg-jsonp/app/extend/application.js",
    "start": 1639387265886,
    "end": 1639387265892,
    "duration": 6,
    "pid": 66004,
    "index": 34
  },
  {
    "name": "Require(30) node_modules/_egg-logrotator@3.1.0@egg-logrotator/app/extend/application.js",
    "start": 1639387265895,
    "end": 1639387265902,
    "duration": 7,
    "pid": 66004,
    "index": 35
  },
  {
    "name": "Require(31) node_modules/_egg-view@2.1.3@egg-view/app/extend/application.js",
    "start": 1639387265903,
    "end": 1639387265906,
    "duration": 3,
    "pid": 66004,
    "index": 36
  },
  {
    "name": "Require(32) node_modules/_egg-jwt@3.1.7@egg-jwt/app/extend/application.js",
    "start": 1639387265909,
    "end": 1639387266003,
    "duration": 94,
    "pid": 66004,
    "index": 37
  },
  {
    "name": "Require(33) node_modules/_egg-socket.io@4.1.6@egg-socket.io/app/extend/application.js",
    "start": 1639387266004,
    "end": 1639387266100,
    "duration": 96,
    "pid": 66004,
    "index": 38
  },
  {
    "name": "Require(34) app/extend/application.js",
    "start": 1639387266102,
    "end": 1639387266123,
    "duration": 21,
    "pid": 66004,
    "index": 39
  },
  {
    "name": "Load extend/request.js",
    "start": 1639387266133,
    "end": 1639387266160,
    "duration": 27,
    "pid": 66004,
    "index": 40
  },
  {
    "name": "Require(35) node_modules/_egg@2.33.0@egg/app/extend/request.js",
    "start": 1639387266142,
    "end": 1639387266147,
    "duration": 5,
    "pid": 66004,
    "index": 41
  },
  {
    "name": "Load extend/response.js",
    "start": 1639387266160,
    "end": 1639387266186,
    "duration": 26,
    "pid": 66004,
    "index": 42
  },
  {
    "name": "Require(36) node_modules/_egg@2.33.0@egg/app/extend/response.js",
    "start": 1639387266170,
    "end": 1639387266175,
    "duration": 5,
    "pid": 66004,
    "index": 43
  },
  {
    "name": "Load extend/context.js",
    "start": 1639387266186,
    "end": 1639387266352,
    "duration": 166,
    "pid": 66004,
    "index": 44
  },
  {
    "name": "Require(37) node_modules/_egg-security@2.9.0@egg-security/app/extend/context.js",
    "start": 1639387266187,
    "end": 1639387266216,
    "duration": 29,
    "pid": 66004,
    "index": 45
  },
  {
    "name": "Require(38) node_modules/_egg-jsonp@2.0.0@egg-jsonp/app/extend/context.js",
    "start": 1639387266217,
    "end": 1639387266219,
    "duration": 2,
    "pid": 66004,
    "index": 46
  },
  {
    "name": "Require(39) node_modules/_egg-i18n@2.1.1@egg-i18n/app/extend/context.js",
    "start": 1639387266220,
    "end": 1639387266221,
    "duration": 1,
    "pid": 66004,
    "index": 47
  },
  {
    "name": "Require(40) node_modules/_egg-multipart@2.13.1@egg-multipart/app/extend/context.js",
    "start": 1639387266222,
    "end": 1639387266319,
    "duration": 97,
    "pid": 66004,
    "index": 48
  },
  {
    "name": "Require(41) node_modules/_egg-view@2.1.3@egg-view/app/extend/context.js",
    "start": 1639387266323,
    "end": 1639387266324,
    "duration": 1,
    "pid": 66004,
    "index": 49
  },
  {
    "name": "Require(42) node_modules/_egg-validate@2.0.2@egg-validate/app/extend/context.js",
    "start": 1639387266329,
    "end": 1639387266329,
    "duration": 0,
    "pid": 66004,
    "index": 50
  },
  {
    "name": "Require(43) node_modules/_egg-passport@2.1.1@egg-passport/app/extend/context.js",
    "start": 1639387266331,
    "end": 1639387266332,
    "duration": 1,
    "pid": 66004,
    "index": 51
  },
  {
    "name": "Require(44) node_modules/_egg@2.33.0@egg/app/extend/context.js",
    "start": 1639387266333,
    "end": 1639387266336,
    "duration": 3,
    "pid": 66004,
    "index": 52
  },
  {
    "name": "Require(45) app/extend/context.js",
    "start": 1639387266336,
    "end": 1639387266337,
    "duration": 1,
    "pid": 66004,
    "index": 53
  },
  {
    "name": "Load extend/helper.js",
    "start": 1639387266352,
    "end": 1639387266420,
    "duration": 68,
    "pid": 66004,
    "index": 54
  },
  {
    "name": "Require(46) node_modules/_egg-security@2.9.0@egg-security/app/extend/helper.js",
    "start": 1639387266354,
    "end": 1639387266389,
    "duration": 35,
    "pid": 66004,
    "index": 55
  },
  {
    "name": "Require(47) node_modules/_egg@2.33.0@egg/app/extend/helper.js",
    "start": 1639387266402,
    "end": 1639387266403,
    "duration": 1,
    "pid": 66004,
    "index": 56
  },
  {
    "name": "Require(48) app/extend/helper.js",
    "start": 1639387266403,
    "end": 1639387266405,
    "duration": 2,
    "pid": 66004,
    "index": 57
  },
  {
    "name": "Load app.js",
    "start": 1639387266420,
    "end": 1639387266667,
    "duration": 247,
    "pid": 66004,
    "index": 58
  },
  {
    "name": "Require(49) node_modules/_egg-session@3.3.0@egg-session/app.js",
    "start": 1639387266421,
    "end": 1639387266421,
    "duration": 0,
    "pid": 66004,
    "index": 59
  },
  {
    "name": "Require(50) node_modules/_egg-security@2.9.0@egg-security/app.js",
    "start": 1639387266422,
    "end": 1639387266428,
    "duration": 6,
    "pid": 66004,
    "index": 60
  },
  {
    "name": "Require(51) node_modules/_egg-onerror@2.1.0@egg-onerror/app.js",
    "start": 1639387266429,
    "end": 1639387266454,
    "duration": 25,
    "pid": 66004,
    "index": 61
  },
  {
    "name": "Require(52) node_modules/_egg-i18n@2.1.1@egg-i18n/app.js",
    "start": 1639387266455,
    "end": 1639387266473,
    "duration": 18,
    "pid": 66004,
    "index": 62
  },
  {
    "name": "Require(53) node_modules/_egg-watcher@3.1.1@egg-watcher/app.js",
    "start": 1639387266473,
    "end": 1639387266486,
    "duration": 13,
    "pid": 66004,
    "index": 63
  },
  {
    "name": "Require(54) node_modules/_egg-schedule@3.6.6@egg-schedule/app.js",
    "start": 1639387266487,
    "end": 1639387266491,
    "duration": 4,
    "pid": 66004,
    "index": 64
  },
  {
    "name": "Require(55) node_modules/_egg-multipart@2.13.1@egg-multipart/app.js",
    "start": 1639387266492,
    "end": 1639387266493,
    "duration": 1,
    "pid": 66004,
    "index": 65
  },
  {
    "name": "Require(56) node_modules/_egg-development@2.7.0@egg-development/app.js",
    "start": 1639387266495,
    "end": 1639387266496,
    "duration": 1,
    "pid": 66004,
    "index": 66
  },
  {
    "name": "Require(57) node_modules/_egg-logrotator@3.1.0@egg-logrotator/app.js",
    "start": 1639387266497,
    "end": 1639387266498,
    "duration": 1,
    "pid": 66004,
    "index": 67
  },
  {
    "name": "Require(58) node_modules/_egg-static@2.2.0@egg-static/app.js",
    "start": 1639387266499,
    "end": 1639387266499,
    "duration": 0,
    "pid": 66004,
    "index": 68
  },
  {
    "name": "Require(59) node_modules/_egg-mysql@3.0.0@egg-mysql/app.js",
    "start": 1639387266500,
    "end": 1639387266533,
    "duration": 33,
    "pid": 66004,
    "index": 69
  },
  {
    "name": "Require(60) node_modules/_egg-sequelize@5.2.2@egg-sequelize/app.js",
    "start": 1639387266533,
    "end": 1639387266534,
    "duration": 1,
    "pid": 66004,
    "index": 70
  },
  {
    "name": "Require(61) node_modules/_egg-redis@2.4.0@egg-redis/app.js",
    "start": 1639387266534,
    "end": 1639387266537,
    "duration": 3,
    "pid": 66004,
    "index": 71
  },
  {
    "name": "Require(62) node_modules/_egg-session-redis@2.1.0@egg-session-redis/app.js",
    "start": 1639387266538,
    "end": 1639387266538,
    "duration": 0,
    "pid": 66004,
    "index": 72
  },
  {
    "name": "Require(63) node_modules/_egg-validate@2.0.2@egg-validate/app.js",
    "start": 1639387266539,
    "end": 1639387266543,
    "duration": 4,
    "pid": 66004,
    "index": 73
  },
  {
    "name": "Require(64) node_modules/_egg-jwt@3.1.7@egg-jwt/app.js",
    "start": 1639387266546,
    "end": 1639387266547,
    "duration": 1,
    "pid": 66004,
    "index": 74
  },
  {
    "name": "Require(65) node_modules/_egg-passport@2.1.1@egg-passport/app.js",
    "start": 1639387266548,
    "end": 1639387266581,
    "duration": 33,
    "pid": 66004,
    "index": 75
  },
  {
    "name": "Require(66) node_modules/_egg-socket.io@4.1.6@egg-socket.io/app.js",
    "start": 1639387266582,
    "end": 1639387266664,
    "duration": 82,
    "pid": 66004,
    "index": 76
  },
  {
    "name": "Require(67) node_modules/_egg-cors@2.2.3@egg-cors/app.js",
    "start": 1639387266664,
    "end": 1639387266665,
    "duration": 1,
    "pid": 66004,
    "index": 77
  },
  {
    "name": "Require(68) app.js",
    "start": 1639387266666,
    "end": 1639387266667,
    "duration": 1,
    "pid": 66004,
    "index": 78
  },
  {
    "name": "Before Start in node_modules/_egg-watcher@3.1.1@egg-watcher/lib/init.js:15:14",
    "start": 1639387266686,
    "end": 1639387268031,
    "duration": 1345,
    "pid": 66004,
    "index": 79
  },
  {
    "name": "Before Start in node_modules/_egg-mysql@3.0.0@egg-mysql/lib/mysql.js:20:7",
    "start": 1639387266849,
    "end": 1639387268033,
    "duration": 1184,
    "pid": 66004,
    "index": 80
  },
  {
    "name": "Load \"Symbol(model)\" to Application",
    "start": 1639387267433,
    "end": 1639387267488,
    "duration": 55,
    "pid": 66004,
    "index": 81
  },
  {
    "name": "Before Start in node_modules/_egg-sequelize@5.2.2@egg-sequelize/lib/loader.js:39:7",
    "start": 1639387267488,
    "end": 1639387268056,
    "duration": 568,
    "pid": 66004,
    "index": 82
  },
  {
    "name": "Before Start in node_modules/_egg-redis@2.4.0@egg-redis/lib/redis.js:53:7",
    "start": 1639387267573,
    "end": 1639387267574,
    "duration": 1,
    "pid": 66004,
    "index": 83
  },
  {
    "name": "Before Start in node_modules/_egg-redis@2.4.0@egg-redis/lib/redis.js:53:7",
    "start": 1639387267574,
    "end": 1639387267574,
    "duration": 0,
    "pid": 66004,
    "index": 84
  },
  {
    "name": "Before Start in node_modules/_egg-redis@2.4.0@egg-redis/lib/redis.js:53:7",
    "start": 1639387267574,
    "end": 1639387268007,
    "duration": 433,
    "pid": 66004,
    "index": 85
  },
  {
    "name": "Load Controller",
    "start": 1639387267595,
    "end": 1639387267896,
    "duration": 301,
    "pid": 66004,
    "index": 86
  },
  {
    "name": "Load \"controller\" to Application",
    "start": 1639387267595,
    "end": 1639387267896,
    "duration": 301,
    "pid": 66004,
    "index": 87
  },
  {
    "name": "Before Start in node_modules/_egg-socket.io@4.1.6@egg-socket.io/lib/io.js:26:7",
    "start": 1639387267613,
    "end": 1639387267973,
    "duration": 360,
    "pid": 66004,
    "index": 88
  },
  {
    "name": "Before Start in app.js:4:7",
    "start": 1639387267613,
    "end": 1639387267973,
    "duration": 360,
    "pid": 66004,
    "index": 89
  },
  {
    "name": "Load Service",
    "start": 1639387267613,
    "end": 1639387267656,
    "duration": 43,
    "pid": 66004,
    "index": 90
  },
  {
    "name": "Load \"service\" to Context",
    "start": 1639387267613,
    "end": 1639387267656,
    "duration": 43,
    "pid": 66004,
    "index": 91
  },
  {
    "name": "Load Middleware",
    "start": 1639387267656,
    "end": 1639387267896,
    "duration": 240,
    "pid": 66004,
    "index": 92
  },
  {
    "name": "Load \"middlewares\" to Application",
    "start": 1639387267657,
    "end": 1639387267867,
    "duration": 210,
    "pid": 66004,
    "index": 93
  },
  {
    "name": "Load Controller",
    "start": 1639387267896,
    "end": 1639387267918,
    "duration": 22,
    "pid": 66004,
    "index": 94
  },
  {
    "name": "Load \"controller\" to Application",
    "start": 1639387267896,
    "end": 1639387267918,
    "duration": 22,
    "pid": 66004,
    "index": 95
  },
  {
    "name": "Load Router",
    "start": 1639387267918,
    "end": 1639387267926,
    "duration": 8,
    "pid": 66004,
    "index": 96
  },
  {
    "name": "Require(69) app/router.js",
    "start": 1639387267919,
    "end": 1639387267919,
    "duration": 0,
    "pid": 66004,
    "index": 97
  },
  {
    "name": "Before Start in node_modules/_egg-core@4.21.0@egg-core/lib/egg.js:303:10",
    "start": 1639387267920,
    "end": 1639387267973,
    "duration": 53,
    "pid": 66004,
    "index": 98
  }
]