[
  {
    "name": "Process Start",
    "start": 1639388172202,
    "end": 1639388173866,
    "duration": 1664,
    "pid": 34200,
    "index": 0
  },
  {
    "name": "Application Start",
    "start": 1639388173867,
    "end": 1639388176050,
    "duration": 2183,
    "pid": 34200,
    "index": 1
  },
  {
    "name": "Load Plugin",
    "start": 1639388173875,
    "end": 1639388173946,
    "duration": 71,
    "pid": 34200,
    "index": 2
  },
  {
    "name": "Load Config",
    "start": 1639388173946,
    "end": 1639388174036,
    "duration": 90,
    "pid": 34200,
    "index": 3
  },
  {
    "name": "Require(0) config/config.default.js",
    "start": 1639388173948,
    "end": 1639388173964,
    "duration": 16,
    "pid": 34200,
    "index": 4
  },
  {
    "name": "Require(1) node_modules/_egg-session@3.3.0@egg-session/config/config.default.js",
    "start": 1639388173967,
    "end": 1639388173968,
    "duration": 1,
    "pid": 34200,
    "index": 5
  },
  {
    "name": "Require(2) node_modules/_egg-security@2.9.0@egg-security/config/config.default.js",
    "start": 1639388173969,
    "end": 1639388173969,
    "duration": 0,
    "pid": 34200,
    "index": 6
  },
  {
    "name": "Require(3) node_modules/_egg-jsonp@2.0.0@egg-jsonp/config/config.default.js",
    "start": 1639388173971,
    "end": 1639388173971,
    "duration": 0,
    "pid": 34200,
    "index": 7
  },
  {
    "name": "Require(4) node_modules/_egg-onerror@2.1.0@egg-onerror/config/config.default.js",
    "start": 1639388173972,
    "end": 1639388173973,
    "duration": 1,
    "pid": 34200,
    "index": 8
  },
  {
    "name": "Require(5) node_modules/_egg-i18n@2.1.1@egg-i18n/config/config.default.js",
    "start": 1639388173974,
    "end": 1639388173974,
    "duration": 0,
    "pid": 34200,
    "index": 9
  },
  {
    "name": "Require(6) node_modules/_egg-watcher@3.1.1@egg-watcher/config/config.default.js",
    "start": 1639388173975,
    "end": 1639388173976,
    "duration": 1,
    "pid": 34200,
    "index": 10
  },
  {
    "name": "Require(7) node_modules/_egg-schedule@3.6.6@egg-schedule/config/config.default.js",
    "start": 1639388173977,
    "end": 1639388173980,
    "duration": 3,
    "pid": 34200,
    "index": 11
  },
  {
    "name": "Require(8) node_modules/_egg-multipart@2.13.1@egg-multipart/config/config.default.js",
    "start": 1639388173982,
    "end": 1639388173983,
    "duration": 1,
    "pid": 34200,
    "index": 12
  },
  {
    "name": "Require(9) node_modules/_egg-development@2.7.0@egg-development/config/config.default.js",
    "start": 1639388173984,
    "end": 1639388173985,
    "duration": 1,
    "pid": 34200,
    "index": 13
  },
  {
    "name": "Require(10) node_modules/_egg-logrotator@3.1.0@egg-logrotator/config/config.default.js",
    "start": 1639388173986,
    "end": 1639388173987,
    "duration": 1,
    "pid": 34200,
    "index": 14
  },
  {
    "name": "Require(11) node_modules/_egg-static@2.2.0@egg-static/config/config.default.js",
    "start": 1639388173987,
    "end": 1639388173988,
    "duration": 1,
    "pid": 34200,
    "index": 15
  },
  {
    "name": "Require(12) node_modules/_egg-view@2.1.3@egg-view/config/config.default.js",
    "start": 1639388173989,
    "end": 1639388173989,
    "duration": 0,
    "pid": 34200,
    "index": 16
  },
  {
    "name": "Require(13) node_modules/_egg-mysql@3.0.0@egg-mysql/config/config.default.js",
    "start": 1639388173990,
    "end": 1639388173991,
    "duration": 1,
    "pid": 34200,
    "index": 17
  },
  {
    "name": "Require(14) node_modules/_egg-sequelize@5.2.2@egg-sequelize/config/config.default.js",
    "start": 1639388173991,
    "end": 1639388173992,
    "duration": 1,
    "pid": 34200,
    "index": 18
  },
  {
    "name": "Require(15) node_modules/_egg-redis@2.4.0@egg-redis/config/config.default.js",
    "start": 1639388173992,
    "end": 1639388173993,
    "duration": 1,
    "pid": 34200,
    "index": 19
  },
  {
    "name": "Require(16) node_modules/_egg-session-redis@2.1.0@egg-session-redis/config/config.default.js",
    "start": 1639388173997,
    "end": 1639388173999,
    "duration": 2,
    "pid": 34200,
    "index": 20
  },
  {
    "name": "Require(17) node_modules/_egg-validate@2.0.2@egg-validate/config/config.default.js",
    "start": 1639388174000,
    "end": 1639388174002,
    "duration": 2,
    "pid": 34200,
    "index": 21
  },
  {
    "name": "Require(18) node_modules/_egg-jwt@3.1.7@egg-jwt/config/config.default.js",
    "start": 1639388174004,
    "end": 1639388174006,
    "duration": 2,
    "pid": 34200,
    "index": 22
  },
  {
    "name": "Require(19) node_modules/_egg-socket.io@4.1.6@egg-socket.io/config/config.default.js",
    "start": 1639388174010,
    "end": 1639388174012,
    "duration": 2,
    "pid": 34200,
    "index": 23
  },
  {
    "name": "Require(20) node_modules/_egg-cors@2.2.3@egg-cors/config/config.default.js",
    "start": 1639388174014,
    "end": 1639388174015,
    "duration": 1,
    "pid": 34200,
    "index": 24
  },
  {
    "name": "Require(21) node_modules/_egg@2.33.0@egg/config/config.default.js",
    "start": 1639388174016,
    "end": 1639388174016,
    "duration": 0,
    "pid": 34200,
    "index": 25
  },
  {
    "name": "Require(22) config/config.default.js",
    "start": 1639388174018,
    "end": 1639388174018,
    "duration": 0,
    "pid": 34200,
    "index": 26
  },
  {
    "name": "Require(23) node_modules/_egg-security@2.9.0@egg-security/config/config.local.js",
    "start": 1639388174019,
    "end": 1639388174020,
    "duration": 1,
    "pid": 34200,
    "index": 27
  },
  {
    "name": "Require(24) node_modules/_egg-watcher@3.1.1@egg-watcher/config/config.local.js",
    "start": 1639388174022,
    "end": 1639388174023,
    "duration": 1,
    "pid": 34200,
    "index": 28
  },
  {
    "name": "Require(25) node_modules/_egg-view@2.1.3@egg-view/config/config.local.js",
    "start": 1639388174030,
    "end": 1639388174031,
    "duration": 1,
    "pid": 34200,
    "index": 29
  },
  {
    "name": "Require(26) node_modules/_egg@2.33.0@egg/config/config.local.js",
    "start": 1639388174035,
    "end": 1639388174035,
    "duration": 0,
    "pid": 34200,
    "index": 30
  },
  {
    "name": "Load extend/application.js",
    "start": 1639388174038,
    "end": 1639388174299,
    "duration": 261,
    "pid": 34200,
    "index": 31
  },
  {
    "name": "Require(27) node_modules/_egg-session@3.3.0@egg-session/app/extend/application.js",
    "start": 1639388174039,
    "end": 1639388174040,
    "duration": 1,
    "pid": 34200,
    "index": 32
  },
  {
    "name": "Require(28) node_modules/_egg-security@2.9.0@egg-security/app/extend/application.js",
    "start": 1639388174041,
    "end": 1639388174042,
    "duration": 1,
    "pid": 34200,
    "index": 33
  },
  {
    "name": "Require(29) node_modules/_egg-jsonp@2.0.0@egg-jsonp/app/extend/application.js",
    "start": 1639388174043,
    "end": 1639388174050,
    "duration": 7,
    "pid": 34200,
    "index": 34
  },
  {
    "name": "Require(30) node_modules/_egg-logrotator@3.1.0@egg-logrotator/app/extend/application.js",
    "start": 1639388174053,
    "end": 1639388174058,
    "duration": 5,
    "pid": 34200,
    "index": 35
  },
  {
    "name": "Require(31) node_modules/_egg-view@2.1.3@egg-view/app/extend/application.js",
    "start": 1639388174059,
    "end": 1639388174065,
    "duration": 6,
    "pid": 34200,
    "index": 36
  },
  {
    "name": "Require(32) node_modules/_egg-jwt@3.1.7@egg-jwt/app/extend/application.js",
    "start": 1639388174068,
    "end": 1639388174162,
    "duration": 94,
    "pid": 34200,
    "index": 37
  },
  {
    "name": "Require(33) node_modules/_egg-socket.io@4.1.6@egg-socket.io/app/extend/application.js",
    "start": 1639388174164,
    "end": 1639388174265,
    "duration": 101,
    "pid": 34200,
    "index": 38
  },
  {
    "name": "Require(34) app/extend/application.js",
    "start": 1639388174266,
    "end": 1639388174289,
    "duration": 23,
    "pid": 34200,
    "index": 39
  },
  {
    "name": "Load extend/request.js",
    "start": 1639388174299,
    "end": 1639388174326,
    "duration": 27,
    "pid": 34200,
    "index": 40
  },
  {
    "name": "Require(35) node_modules/_egg@2.33.0@egg/app/extend/request.js",
    "start": 1639388174312,
    "end": 1639388174315,
    "duration": 3,
    "pid": 34200,
    "index": 41
  },
  {
    "name": "Load extend/response.js",
    "start": 1639388174326,
    "end": 1639388174351,
    "duration": 25,
    "pid": 34200,
    "index": 42
  },
  {
    "name": "Require(36) node_modules/_egg@2.33.0@egg/app/extend/response.js",
    "start": 1639388174336,
    "end": 1639388174342,
    "duration": 6,
    "pid": 34200,
    "index": 43
  },
  {
    "name": "Load extend/context.js",
    "start": 1639388174351,
    "end": 1639388174506,
    "duration": 155,
    "pid": 34200,
    "index": 44
  },
  {
    "name": "Require(37) node_modules/_egg-security@2.9.0@egg-security/app/extend/context.js",
    "start": 1639388174352,
    "end": 1639388174380,
    "duration": 28,
    "pid": 34200,
    "index": 45
  },
  {
    "name": "Require(38) node_modules/_egg-jsonp@2.0.0@egg-jsonp/app/extend/context.js",
    "start": 1639388174380,
    "end": 1639388174384,
    "duration": 4,
    "pid": 34200,
    "index": 46
  },
  {
    "name": "Require(39) node_modules/_egg-i18n@2.1.1@egg-i18n/app/extend/context.js",
    "start": 1639388174385,
    "end": 1639388174386,
    "duration": 1,
    "pid": 34200,
    "index": 47
  },
  {
    "name": "Require(40) node_modules/_egg-multipart@2.13.1@egg-multipart/app/extend/context.js",
    "start": 1639388174388,
    "end": 1639388174480,
    "duration": 92,
    "pid": 34200,
    "index": 48
  },
  {
    "name": "Require(41) node_modules/_egg-view@2.1.3@egg-view/app/extend/context.js",
    "start": 1639388174483,
    "end": 1639388174484,
    "duration": 1,
    "pid": 34200,
    "index": 49
  },
  {
    "name": "Require(42) node_modules/_egg-validate@2.0.2@egg-validate/app/extend/context.js",
    "start": 1639388174486,
    "end": 1639388174487,
    "duration": 1,
    "pid": 34200,
    "index": 50
  },
  {
    "name": "Require(43) node_modules/_egg-passport@2.1.1@egg-passport/app/extend/context.js",
    "start": 1639388174488,
    "end": 1639388174489,
    "duration": 1,
    "pid": 34200,
    "index": 51
  },
  {
    "name": "Require(44) node_modules/_egg@2.33.0@egg/app/extend/context.js",
    "start": 1639388174490,
    "end": 1639388174492,
    "duration": 2,
    "pid": 34200,
    "index": 52
  },
  {
    "name": "Require(45) app/extend/context.js",
    "start": 1639388174493,
    "end": 1639388174493,
    "duration": 0,
    "pid": 34200,
    "index": 53
  },
  {
    "name": "Load extend/helper.js",
    "start": 1639388174506,
    "end": 1639388174555,
    "duration": 49,
    "pid": 34200,
    "index": 54
  },
  {
    "name": "Require(46) node_modules/_egg-security@2.9.0@egg-security/app/extend/helper.js",
    "start": 1639388174507,
    "end": 1639388174535,
    "duration": 28,
    "pid": 34200,
    "index": 55
  },
  {
    "name": "Require(47) node_modules/_egg@2.33.0@egg/app/extend/helper.js",
    "start": 1639388174542,
    "end": 1639388174542,
    "duration": 0,
    "pid": 34200,
    "index": 56
  },
  {
    "name": "Require(48) app/extend/helper.js",
    "start": 1639388174545,
    "end": 1639388174547,
    "duration": 2,
    "pid": 34200,
    "index": 57
  },
  {
    "name": "Load app.js",
    "start": 1639388174555,
    "end": 1639388174759,
    "duration": 204,
    "pid": 34200,
    "index": 58
  },
  {
    "name": "Require(49) node_modules/_egg-session@3.3.0@egg-session/app.js",
    "start": 1639388174556,
    "end": 1639388174556,
    "duration": 0,
    "pid": 34200,
    "index": 59
  },
  {
    "name": "Require(50) node_modules/_egg-security@2.9.0@egg-security/app.js",
    "start": 1639388174556,
    "end": 1639388174560,
    "duration": 4,
    "pid": 34200,
    "index": 60
  },
  {
    "name": "Require(51) node_modules/_egg-onerror@2.1.0@egg-onerror/app.js",
    "start": 1639388174562,
    "end": 1639388174580,
    "duration": 18,
    "pid": 34200,
    "index": 61
  },
  {
    "name": "Require(52) node_modules/_egg-i18n@2.1.1@egg-i18n/app.js",
    "start": 1639388174581,
    "end": 1639388174596,
    "duration": 15,
    "pid": 34200,
    "index": 62
  },
  {
    "name": "Require(53) node_modules/_egg-watcher@3.1.1@egg-watcher/app.js",
    "start": 1639388174597,
    "end": 1639388174603,
    "duration": 6,
    "pid": 34200,
    "index": 63
  },
  {
    "name": "Require(54) node_modules/_egg-schedule@3.6.6@egg-schedule/app.js",
    "start": 1639388174604,
    "end": 1639388174609,
    "duration": 5,
    "pid": 34200,
    "index": 64
  },
  {
    "name": "Require(55) node_modules/_egg-multipart@2.13.1@egg-multipart/app.js",
    "start": 1639388174610,
    "end": 1639388174611,
    "duration": 1,
    "pid": 34200,
    "index": 65
  },
  {
    "name": "Require(56) node_modules/_egg-development@2.7.0@egg-development/app.js",
    "start": 1639388174612,
    "end": 1639388174612,
    "duration": 0,
    "pid": 34200,
    "index": 66
  },
  {
    "name": "Require(57) node_modules/_egg-logrotator@3.1.0@egg-logrotator/app.js",
    "start": 1639388174613,
    "end": 1639388174614,
    "duration": 1,
    "pid": 34200,
    "index": 67
  },
  {
    "name": "Require(58) node_modules/_egg-static@2.2.0@egg-static/app.js",
    "start": 1639388174614,
    "end": 1639388174614,
    "duration": 0,
    "pid": 34200,
    "index": 68
  },
  {
    "name": "Require(59) node_modules/_egg-mysql@3.0.0@egg-mysql/app.js",
    "start": 1639388174616,
    "end": 1639388174643,
    "duration": 27,
    "pid": 34200,
    "index": 69
  },
  {
    "name": "Require(60) node_modules/_egg-sequelize@5.2.2@egg-sequelize/app.js",
    "start": 1639388174644,
    "end": 1639388174644,
    "duration": 0,
    "pid": 34200,
    "index": 70
  },
  {
    "name": "Require(61) node_modules/_egg-redis@2.4.0@egg-redis/app.js",
    "start": 1639388174645,
    "end": 1639388174648,
    "duration": 3,
    "pid": 34200,
    "index": 71
  },
  {
    "name": "Require(62) node_modules/_egg-session-redis@2.1.0@egg-session-redis/app.js",
    "start": 1639388174648,
    "end": 1639388174649,
    "duration": 1,
    "pid": 34200,
    "index": 72
  },
  {
    "name": "Require(63) node_modules/_egg-validate@2.0.2@egg-validate/app.js",
    "start": 1639388174649,
    "end": 1639388174652,
    "duration": 3,
    "pid": 34200,
    "index": 73
  },
  {
    "name": "Require(64) node_modules/_egg-jwt@3.1.7@egg-jwt/app.js",
    "start": 1639388174653,
    "end": 1639388174655,
    "duration": 2,
    "pid": 34200,
    "index": 74
  },
  {
    "name": "Require(65) node_modules/_egg-passport@2.1.1@egg-passport/app.js",
    "start": 1639388174656,
    "end": 1639388174683,
    "duration": 27,
    "pid": 34200,
    "index": 75
  },
  {
    "name": "Require(66) node_modules/_egg-socket.io@4.1.6@egg-socket.io/app.js",
    "start": 1639388174683,
    "end": 1639388174756,
    "duration": 73,
    "pid": 34200,
    "index": 76
  },
  {
    "name": "Require(67) node_modules/_egg-cors@2.2.3@egg-cors/app.js",
    "start": 1639388174757,
    "end": 1639388174758,
    "duration": 1,
    "pid": 34200,
    "index": 77
  },
  {
    "name": "Require(68) app.js",
    "start": 1639388174759,
    "end": 1639388174759,
    "duration": 0,
    "pid": 34200,
    "index": 78
  },
  {
    "name": "Before Start in node_modules/_egg-watcher@3.1.1@egg-watcher/lib/init.js:15:14",
    "start": 1639388174779,
    "end": 1639388176024,
    "duration": 1245,
    "pid": 34200,
    "index": 79
  },
  {
    "name": "Before Start in node_modules/_egg-mysql@3.0.0@egg-mysql/lib/mysql.js:20:7",
    "start": 1639388174932,
    "end": 1639388176022,
    "duration": 1090,
    "pid": 34200,
    "index": 80
  },
  {
    "name": "Load \"Symbol(model)\" to Application",
    "start": 1639388175445,
    "end": 1639388175499,
    "duration": 54,
    "pid": 34200,
    "index": 81
  },
  {
    "name": "Before Start in node_modules/_egg-sequelize@5.2.2@egg-sequelize/lib/loader.js:39:7",
    "start": 1639388175499,
    "end": 1639388176049,
    "duration": 550,
    "pid": 34200,
    "index": 82
  },
  {
    "name": "Before Start in node_modules/_egg-redis@2.4.0@egg-redis/lib/redis.js:53:7",
    "start": 1639388175593,
    "end": 1639388175594,
    "duration": 1,
    "pid": 34200,
    "index": 83
  },
  {
    "name": "Before Start in node_modules/_egg-redis@2.4.0@egg-redis/lib/redis.js:53:7",
    "start": 1639388175594,
    "end": 1639388175594,
    "duration": 0,
    "pid": 34200,
    "index": 84
  },
  {
    "name": "Before Start in node_modules/_egg-redis@2.4.0@egg-redis/lib/redis.js:53:7",
    "start": 1639388175594,
    "end": 1639388175993,
    "duration": 399,
    "pid": 34200,
    "index": 85
  },
  {
    "name": "Load Controller",
    "start": 1639388175616,
    "end": 1639388175896,
    "duration": 280,
    "pid": 34200,
    "index": 86
  },
  {
    "name": "Load \"controller\" to Application",
    "start": 1639388175616,
    "end": 1639388175896,
    "duration": 280,
    "pid": 34200,
    "index": 87
  },
  {
    "name": "Before Start in node_modules/_egg-socket.io@4.1.6@egg-socket.io/lib/io.js:26:7",
    "start": 1639388175632,
    "end": 1639388175962,
    "duration": 330,
    "pid": 34200,
    "index": 88
  },
  {
    "name": "Before Start in app.js:4:7",
    "start": 1639388175632,
    "end": 1639388175962,
    "duration": 330,
    "pid": 34200,
    "index": 89
  },
  {
    "name": "Load Service",
    "start": 1639388175632,
    "end": 1639388175669,
    "duration": 37,
    "pid": 34200,
    "index": 90
  },
  {
    "name": "Load \"service\" to Context",
    "start": 1639388175632,
    "end": 1639388175669,
    "duration": 37,
    "pid": 34200,
    "index": 91
  },
  {
    "name": "Load Middleware",
    "start": 1639388175670,
    "end": 1639388175896,
    "duration": 226,
    "pid": 34200,
    "index": 92
  },
  {
    "name": "Load \"middlewares\" to Application",
    "start": 1639388175670,
    "end": 1639388175868,
    "duration": 198,
    "pid": 34200,
    "index": 93
  },
  {
    "name": "Load Controller",
    "start": 1639388175896,
    "end": 1639388175916,
    "duration": 20,
    "pid": 34200,
    "index": 94
  },
  {
    "name": "Load \"controller\" to Application",
    "start": 1639388175896,
    "end": 1639388175916,
    "duration": 20,
    "pid": 34200,
    "index": 95
  },
  {
    "name": "Load Router",
    "start": 1639388175917,
    "end": 1639388175920,
    "duration": 3,
    "pid": 34200,
    "index": 96
  },
  {
    "name": "Require(69) app/router.js",
    "start": 1639388175917,
    "end": 1639388175917,
    "duration": 0,
    "pid": 34200,
    "index": 97
  },
  {
    "name": "Before Start in node_modules/_egg-core@4.21.0@egg-core/lib/egg.js:303:10",
    "start": 1639388175918,
    "end": 1639388175962,
    "duration": 44,
    "pid": 34200,
    "index": 98
  }
]