[
  {
    "name": "Process Start",
    "start": 1639387335471,
    "end": 1639387336955,
    "duration": 1484,
    "pid": 42292,
    "index": 0
  },
  {
    "name": "Application Start",
    "start": 1639387336955,
    "end": 1639387339215,
    "duration": 2260,
    "pid": 42292,
    "index": 1
  },
  {
    "name": "Load Plugin",
    "start": 1639387336964,
    "end": 1639387337031,
    "duration": 67,
    "pid": 42292,
    "index": 2
  },
  {
    "name": "Load Config",
    "start": 1639387337031,
    "end": 1639387337099,
    "duration": 68,
    "pid": 42292,
    "index": 3
  },
  {
    "name": "Require(0) config/config.default.js",
    "start": 1639387337032,
    "end": 1639387337047,
    "duration": 15,
    "pid": 42292,
    "index": 4
  },
  {
    "name": "Require(1) node_modules/_egg-session@3.3.0@egg-session/config/config.default.js",
    "start": 1639387337050,
    "end": 1639387337051,
    "duration": 1,
    "pid": 42292,
    "index": 5
  },
  {
    "name": "Require(2) node_modules/_egg-security@2.9.0@egg-security/config/config.default.js",
    "start": 1639387337052,
    "end": 1639387337052,
    "duration": 0,
    "pid": 42292,
    "index": 6
  },
  {
    "name": "Require(3) node_modules/_egg-jsonp@2.0.0@egg-jsonp/config/config.default.js",
    "start": 1639387337054,
    "end": 1639387337054,
    "duration": 0,
    "pid": 42292,
    "index": 7
  },
  {
    "name": "Require(4) node_modules/_egg-onerror@2.1.0@egg-onerror/config/config.default.js",
    "start": 1639387337056,
    "end": 1639387337057,
    "duration": 1,
    "pid": 42292,
    "index": 8
  },
  {
    "name": "Require(5) node_modules/_egg-i18n@2.1.1@egg-i18n/config/config.default.js",
    "start": 1639387337058,
    "end": 1639387337058,
    "duration": 0,
    "pid": 42292,
    "index": 9
  },
  {
    "name": "Require(6) node_modules/_egg-watcher@3.1.1@egg-watcher/config/config.default.js",
    "start": 1639387337059,
    "end": 1639387337060,
    "duration": 1,
    "pid": 42292,
    "index": 10
  },
  {
    "name": "Require(7) node_modules/_egg-schedule@3.6.6@egg-schedule/config/config.default.js",
    "start": 1639387337061,
    "end": 1639387337061,
    "duration": 0,
    "pid": 42292,
    "index": 11
  },
  {
    "name": "Require(8) node_modules/_egg-multipart@2.13.1@egg-multipart/config/config.default.js",
    "start": 1639387337062,
    "end": 1639387337063,
    "duration": 1,
    "pid": 42292,
    "index": 12
  },
  {
    "name": "Require(9) node_modules/_egg-development@2.7.0@egg-development/config/config.default.js",
    "start": 1639387337064,
    "end": 1639387337064,
    "duration": 0,
    "pid": 42292,
    "index": 13
  },
  {
    "name": "Require(10) node_modules/_egg-logrotator@3.1.0@egg-logrotator/config/config.default.js",
    "start": 1639387337065,
    "end": 1639387337066,
    "duration": 1,
    "pid": 42292,
    "index": 14
  },
  {
    "name": "Require(11) node_modules/_egg-static@2.2.0@egg-static/config/config.default.js",
    "start": 1639387337067,
    "end": 1639387337067,
    "duration": 0,
    "pid": 42292,
    "index": 15
  },
  {
    "name": "Require(12) node_modules/_egg-view@2.1.3@egg-view/config/config.default.js",
    "start": 1639387337068,
    "end": 1639387337068,
    "duration": 0,
    "pid": 42292,
    "index": 16
  },
  {
    "name": "Require(13) node_modules/_egg-mysql@3.0.0@egg-mysql/config/config.default.js",
    "start": 1639387337070,
    "end": 1639387337071,
    "duration": 1,
    "pid": 42292,
    "index": 17
  },
  {
    "name": "Require(14) node_modules/_egg-sequelize@5.2.2@egg-sequelize/config/config.default.js",
    "start": 1639387337072,
    "end": 1639387337073,
    "duration": 1,
    "pid": 42292,
    "index": 18
  },
  {
    "name": "Require(15) node_modules/_egg-redis@2.4.0@egg-redis/config/config.default.js",
    "start": 1639387337073,
    "end": 1639387337074,
    "duration": 1,
    "pid": 42292,
    "index": 19
  },
  {
    "name": "Require(16) node_modules/_egg-session-redis@2.1.0@egg-session-redis/config/config.default.js",
    "start": 1639387337075,
    "end": 1639387337075,
    "duration": 0,
    "pid": 42292,
    "index": 20
  },
  {
    "name": "Require(17) node_modules/_egg-validate@2.0.2@egg-validate/config/config.default.js",
    "start": 1639387337076,
    "end": 1639387337077,
    "duration": 1,
    "pid": 42292,
    "index": 21
  },
  {
    "name": "Require(18) node_modules/_egg-jwt@3.1.7@egg-jwt/config/config.default.js",
    "start": 1639387337078,
    "end": 1639387337079,
    "duration": 1,
    "pid": 42292,
    "index": 22
  },
  {
    "name": "Require(19) node_modules/_egg-socket.io@4.1.6@egg-socket.io/config/config.default.js",
    "start": 1639387337080,
    "end": 1639387337081,
    "duration": 1,
    "pid": 42292,
    "index": 23
  },
  {
    "name": "Require(20) node_modules/_egg-cors@2.2.3@egg-cors/config/config.default.js",
    "start": 1639387337082,
    "end": 1639387337082,
    "duration": 0,
    "pid": 42292,
    "index": 24
  },
  {
    "name": "Require(21) node_modules/_egg@2.33.0@egg/config/config.default.js",
    "start": 1639387337083,
    "end": 1639387337083,
    "duration": 0,
    "pid": 42292,
    "index": 25
  },
  {
    "name": "Require(22) config/config.default.js",
    "start": 1639387337085,
    "end": 1639387337085,
    "duration": 0,
    "pid": 42292,
    "index": 26
  },
  {
    "name": "Require(23) node_modules/_egg-security@2.9.0@egg-security/config/config.local.js",
    "start": 1639387337088,
    "end": 1639387337088,
    "duration": 0,
    "pid": 42292,
    "index": 27
  },
  {
    "name": "Require(24) node_modules/_egg-watcher@3.1.1@egg-watcher/config/config.local.js",
    "start": 1639387337090,
    "end": 1639387337091,
    "duration": 1,
    "pid": 42292,
    "index": 28
  },
  {
    "name": "Require(25) node_modules/_egg-view@2.1.3@egg-view/config/config.local.js",
    "start": 1639387337093,
    "end": 1639387337094,
    "duration": 1,
    "pid": 42292,
    "index": 29
  },
  {
    "name": "Require(26) node_modules/_egg@2.33.0@egg/config/config.local.js",
    "start": 1639387337098,
    "end": 1639387337098,
    "duration": 0,
    "pid": 42292,
    "index": 30
  },
  {
    "name": "Load extend/application.js",
    "start": 1639387337100,
    "end": 1639387337338,
    "duration": 238,
    "pid": 42292,
    "index": 31
  },
  {
    "name": "Require(27) node_modules/_egg-session@3.3.0@egg-session/app/extend/application.js",
    "start": 1639387337101,
    "end": 1639387337103,
    "duration": 2,
    "pid": 42292,
    "index": 32
  },
  {
    "name": "Require(28) node_modules/_egg-security@2.9.0@egg-security/app/extend/application.js",
    "start": 1639387337104,
    "end": 1639387337106,
    "duration": 2,
    "pid": 42292,
    "index": 33
  },
  {
    "name": "Require(29) node_modules/_egg-jsonp@2.0.0@egg-jsonp/app/extend/application.js",
    "start": 1639387337106,
    "end": 1639387337110,
    "duration": 4,
    "pid": 42292,
    "index": 34
  },
  {
    "name": "Require(30) node_modules/_egg-logrotator@3.1.0@egg-logrotator/app/extend/application.js",
    "start": 1639387337113,
    "end": 1639387337119,
    "duration": 6,
    "pid": 42292,
    "index": 35
  },
  {
    "name": "Require(31) node_modules/_egg-view@2.1.3@egg-view/app/extend/application.js",
    "start": 1639387337120,
    "end": 1639387337124,
    "duration": 4,
    "pid": 42292,
    "index": 36
  },
  {
    "name": "Require(32) node_modules/_egg-jwt@3.1.7@egg-jwt/app/extend/application.js",
    "start": 1639387337126,
    "end": 1639387337220,
    "duration": 94,
    "pid": 42292,
    "index": 37
  },
  {
    "name": "Require(33) node_modules/_egg-socket.io@4.1.6@egg-socket.io/app/extend/application.js",
    "start": 1639387337221,
    "end": 1639387337303,
    "duration": 82,
    "pid": 42292,
    "index": 38
  },
  {
    "name": "Require(34) app/extend/application.js",
    "start": 1639387337307,
    "end": 1639387337328,
    "duration": 21,
    "pid": 42292,
    "index": 39
  },
  {
    "name": "Load extend/request.js",
    "start": 1639387337338,
    "end": 1639387337360,
    "duration": 22,
    "pid": 42292,
    "index": 40
  },
  {
    "name": "Require(35) node_modules/_egg@2.33.0@egg/app/extend/request.js",
    "start": 1639387337347,
    "end": 1639387337350,
    "duration": 3,
    "pid": 42292,
    "index": 41
  },
  {
    "name": "Load extend/response.js",
    "start": 1639387337360,
    "end": 1639387337399,
    "duration": 39,
    "pid": 42292,
    "index": 42
  },
  {
    "name": "Require(36) node_modules/_egg@2.33.0@egg/app/extend/response.js",
    "start": 1639387337371,
    "end": 1639387337376,
    "duration": 5,
    "pid": 42292,
    "index": 43
  },
  {
    "name": "Load extend/context.js",
    "start": 1639387337399,
    "end": 1639387337602,
    "duration": 203,
    "pid": 42292,
    "index": 44
  },
  {
    "name": "Require(37) node_modules/_egg-security@2.9.0@egg-security/app/extend/context.js",
    "start": 1639387337422,
    "end": 1639387337469,
    "duration": 47,
    "pid": 42292,
    "index": 45
  },
  {
    "name": "Require(38) node_modules/_egg-jsonp@2.0.0@egg-jsonp/app/extend/context.js",
    "start": 1639387337470,
    "end": 1639387337474,
    "duration": 4,
    "pid": 42292,
    "index": 46
  },
  {
    "name": "Require(39) node_modules/_egg-i18n@2.1.1@egg-i18n/app/extend/context.js",
    "start": 1639387337475,
    "end": 1639387337475,
    "duration": 0,
    "pid": 42292,
    "index": 47
  },
  {
    "name": "Require(40) node_modules/_egg-multipart@2.13.1@egg-multipart/app/extend/context.js",
    "start": 1639387337477,
    "end": 1639387337574,
    "duration": 97,
    "pid": 42292,
    "index": 48
  },
  {
    "name": "Require(41) node_modules/_egg-view@2.1.3@egg-view/app/extend/context.js",
    "start": 1639387337578,
    "end": 1639387337579,
    "duration": 1,
    "pid": 42292,
    "index": 49
  },
  {
    "name": "Require(42) node_modules/_egg-validate@2.0.2@egg-validate/app/extend/context.js",
    "start": 1639387337581,
    "end": 1639387337582,
    "duration": 1,
    "pid": 42292,
    "index": 50
  },
  {
    "name": "Require(43) node_modules/_egg-passport@2.1.1@egg-passport/app/extend/context.js",
    "start": 1639387337583,
    "end": 1639387337584,
    "duration": 1,
    "pid": 42292,
    "index": 51
  },
  {
    "name": "Require(44) node_modules/_egg@2.33.0@egg/app/extend/context.js",
    "start": 1639387337585,
    "end": 1639387337588,
    "duration": 3,
    "pid": 42292,
    "index": 52
  },
  {
    "name": "Require(45) app/extend/context.js",
    "start": 1639387337588,
    "end": 1639387337589,
    "duration": 1,
    "pid": 42292,
    "index": 53
  },
  {
    "name": "Load extend/helper.js",
    "start": 1639387337602,
    "end": 1639387337658,
    "duration": 56,
    "pid": 42292,
    "index": 54
  },
  {
    "name": "Require(46) node_modules/_egg-security@2.9.0@egg-security/app/extend/helper.js",
    "start": 1639387337603,
    "end": 1639387337634,
    "duration": 31,
    "pid": 42292,
    "index": 55
  },
  {
    "name": "Require(47) node_modules/_egg@2.33.0@egg/app/extend/helper.js",
    "start": 1639387337645,
    "end": 1639387337646,
    "duration": 1,
    "pid": 42292,
    "index": 56
  },
  {
    "name": "Require(48) app/extend/helper.js",
    "start": 1639387337647,
    "end": 1639387337648,
    "duration": 1,
    "pid": 42292,
    "index": 57
  },
  {
    "name": "Load app.js",
    "start": 1639387337658,
    "end": 1639387337858,
    "duration": 200,
    "pid": 42292,
    "index": 58
  },
  {
    "name": "Require(49) node_modules/_egg-session@3.3.0@egg-session/app.js",
    "start": 1639387337658,
    "end": 1639387337659,
    "duration": 1,
    "pid": 42292,
    "index": 59
  },
  {
    "name": "Require(50) node_modules/_egg-security@2.9.0@egg-security/app.js",
    "start": 1639387337659,
    "end": 1639387337663,
    "duration": 4,
    "pid": 42292,
    "index": 60
  },
  {
    "name": "Require(51) node_modules/_egg-onerror@2.1.0@egg-onerror/app.js",
    "start": 1639387337665,
    "end": 1639387337683,
    "duration": 18,
    "pid": 42292,
    "index": 61
  },
  {
    "name": "Require(52) node_modules/_egg-i18n@2.1.1@egg-i18n/app.js",
    "start": 1639387337684,
    "end": 1639387337698,
    "duration": 14,
    "pid": 42292,
    "index": 62
  },
  {
    "name": "Require(53) node_modules/_egg-watcher@3.1.1@egg-watcher/app.js",
    "start": 1639387337699,
    "end": 1639387337707,
    "duration": 8,
    "pid": 42292,
    "index": 63
  },
  {
    "name": "Require(54) node_modules/_egg-schedule@3.6.6@egg-schedule/app.js",
    "start": 1639387337708,
    "end": 1639387337712,
    "duration": 4,
    "pid": 42292,
    "index": 64
  },
  {
    "name": "Require(55) node_modules/_egg-multipart@2.13.1@egg-multipart/app.js",
    "start": 1639387337712,
    "end": 1639387337713,
    "duration": 1,
    "pid": 42292,
    "index": 65
  },
  {
    "name": "Require(56) node_modules/_egg-development@2.7.0@egg-development/app.js",
    "start": 1639387337713,
    "end": 1639387337714,
    "duration": 1,
    "pid": 42292,
    "index": 66
  },
  {
    "name": "Require(57) node_modules/_egg-logrotator@3.1.0@egg-logrotator/app.js",
    "start": 1639387337714,
    "end": 1639387337715,
    "duration": 1,
    "pid": 42292,
    "index": 67
  },
  {
    "name": "Require(58) node_modules/_egg-static@2.2.0@egg-static/app.js",
    "start": 1639387337716,
    "end": 1639387337716,
    "duration": 0,
    "pid": 42292,
    "index": 68
  },
  {
    "name": "Require(59) node_modules/_egg-mysql@3.0.0@egg-mysql/app.js",
    "start": 1639387337719,
    "end": 1639387337746,
    "duration": 27,
    "pid": 42292,
    "index": 69
  },
  {
    "name": "Require(60) node_modules/_egg-sequelize@5.2.2@egg-sequelize/app.js",
    "start": 1639387337747,
    "end": 1639387337747,
    "duration": 0,
    "pid": 42292,
    "index": 70
  },
  {
    "name": "Require(61) node_modules/_egg-redis@2.4.0@egg-redis/app.js",
    "start": 1639387337749,
    "end": 1639387337753,
    "duration": 4,
    "pid": 42292,
    "index": 71
  },
  {
    "name": "Require(62) node_modules/_egg-session-redis@2.1.0@egg-session-redis/app.js",
    "start": 1639387337753,
    "end": 1639387337754,
    "duration": 1,
    "pid": 42292,
    "index": 72
  },
  {
    "name": "Require(63) node_modules/_egg-validate@2.0.2@egg-validate/app.js",
    "start": 1639387337754,
    "end": 1639387337757,
    "duration": 3,
    "pid": 42292,
    "index": 73
  },
  {
    "name": "Require(64) node_modules/_egg-jwt@3.1.7@egg-jwt/app.js",
    "start": 1639387337758,
    "end": 1639387337758,
    "duration": 0,
    "pid": 42292,
    "index": 74
  },
  {
    "name": "Require(65) node_modules/_egg-passport@2.1.1@egg-passport/app.js",
    "start": 1639387337759,
    "end": 1639387337786,
    "duration": 27,
    "pid": 42292,
    "index": 75
  },
  {
    "name": "Require(66) node_modules/_egg-socket.io@4.1.6@egg-socket.io/app.js",
    "start": 1639387337786,
    "end": 1639387337855,
    "duration": 69,
    "pid": 42292,
    "index": 76
  },
  {
    "name": "Require(67) node_modules/_egg-cors@2.2.3@egg-cors/app.js",
    "start": 1639387337856,
    "end": 1639387337856,
    "duration": 0,
    "pid": 42292,
    "index": 77
  },
  {
    "name": "Require(68) app.js",
    "start": 1639387337857,
    "end": 1639387337858,
    "duration": 1,
    "pid": 42292,
    "index": 78
  },
  {
    "name": "Before Start in node_modules/_egg-watcher@3.1.1@egg-watcher/lib/init.js:15:14",
    "start": 1639387337876,
    "end": 1639387339194,
    "duration": 1318,
    "pid": 42292,
    "index": 79
  },
  {
    "name": "Before Start in node_modules/_egg-mysql@3.0.0@egg-mysql/lib/mysql.js:20:7",
    "start": 1639387338026,
    "end": 1639387339197,
    "duration": 1171,
    "pid": 42292,
    "index": 80
  },
  {
    "name": "Load \"Symbol(model)\" to Application",
    "start": 1639387338545,
    "end": 1639387338603,
    "duration": 58,
    "pid": 42292,
    "index": 81
  },
  {
    "name": "Before Start in node_modules/_egg-sequelize@5.2.2@egg-sequelize/lib/loader.js:39:7",
    "start": 1639387338603,
    "end": 1639387339214,
    "duration": 611,
    "pid": 42292,
    "index": 82
  },
  {
    "name": "Before Start in node_modules/_egg-redis@2.4.0@egg-redis/lib/redis.js:53:7",
    "start": 1639387338685,
    "end": 1639387338686,
    "duration": 1,
    "pid": 42292,
    "index": 83
  },
  {
    "name": "Before Start in node_modules/_egg-redis@2.4.0@egg-redis/lib/redis.js:53:7",
    "start": 1639387338686,
    "end": 1639387338686,
    "duration": 0,
    "pid": 42292,
    "index": 84
  },
  {
    "name": "Before Start in node_modules/_egg-redis@2.4.0@egg-redis/lib/redis.js:53:7",
    "start": 1639387338686,
    "end": 1639387339169,
    "duration": 483,
    "pid": 42292,
    "index": 85
  },
  {
    "name": "Load Controller",
    "start": 1639387338706,
    "end": 1639387339061,
    "duration": 355,
    "pid": 42292,
    "index": 86
  },
  {
    "name": "Load \"controller\" to Application",
    "start": 1639387338706,
    "end": 1639387339061,
    "duration": 355,
    "pid": 42292,
    "index": 87
  },
  {
    "name": "Before Start in node_modules/_egg-socket.io@4.1.6@egg-socket.io/lib/io.js:26:7",
    "start": 1639387338724,
    "end": 1639387339138,
    "duration": 414,
    "pid": 42292,
    "index": 88
  },
  {
    "name": "Before Start in app.js:4:7",
    "start": 1639387338724,
    "end": 1639387339138,
    "duration": 414,
    "pid": 42292,
    "index": 89
  },
  {
    "name": "Load Service",
    "start": 1639387338724,
    "end": 1639387338818,
    "duration": 94,
    "pid": 42292,
    "index": 90
  },
  {
    "name": "Load \"service\" to Context",
    "start": 1639387338724,
    "end": 1639387338818,
    "duration": 94,
    "pid": 42292,
    "index": 91
  },
  {
    "name": "Load Middleware",
    "start": 1639387338818,
    "end": 1639387339061,
    "duration": 243,
    "pid": 42292,
    "index": 92
  },
  {
    "name": "Load \"middlewares\" to Application",
    "start": 1639387338818,
    "end": 1639387339033,
    "duration": 215,
    "pid": 42292,
    "index": 93
  },
  {
    "name": "Load Controller",
    "start": 1639387339061,
    "end": 1639387339086,
    "duration": 25,
    "pid": 42292,
    "index": 94
  },
  {
    "name": "Load \"controller\" to Application",
    "start": 1639387339061,
    "end": 1639387339086,
    "duration": 25,
    "pid": 42292,
    "index": 95
  },
  {
    "name": "Load Router",
    "start": 1639387339086,
    "end": 1639387339093,
    "duration": 7,
    "pid": 42292,
    "index": 96
  },
  {
    "name": "Require(69) app/router.js",
    "start": 1639387339087,
    "end": 1639387339088,
    "duration": 1,
    "pid": 42292,
    "index": 97
  },
  {
    "name": "Before Start in node_modules/_egg-core@4.21.0@egg-core/lib/egg.js:303:10",
    "start": 1639387339089,
    "end": 1639387339138,
    "duration": 49,
    "pid": 42292,
    "index": 98
  }
]