[
  {
    "name": "Process Start",
    "start": 1639388167639,
    "end": 1639388169117,
    "duration": 1478,
    "pid": 70848,
    "index": 0
  },
  {
    "name": "Application Start",
    "start": 1639388169117,
    "end": 1639388171973,
    "duration": 2856,
    "pid": 70848,
    "index": 1
  },
  {
    "name": "Load Plugin",
    "start": 1639388169124,
    "end": 1639388169202,
    "duration": 78,
    "pid": 70848,
    "index": 2
  },
  {
    "name": "Load Config",
    "start": 1639388169202,
    "end": 1639388169283,
    "duration": 81,
    "pid": 70848,
    "index": 3
  },
  {
    "name": "Require(0) config/config.default.js",
    "start": 1639388169204,
    "end": 1639388169221,
    "duration": 17,
    "pid": 70848,
    "index": 4
  },
  {
    "name": "Require(1) node_modules/_egg-session@3.3.0@egg-session/config/config.default.js",
    "start": 1639388169224,
    "end": 1639388169225,
    "duration": 1,
    "pid": 70848,
    "index": 5
  },
  {
    "name": "Require(2) node_modules/_egg-security@2.9.0@egg-security/config/config.default.js",
    "start": 1639388169226,
    "end": 1639388169228,
    "duration": 2,
    "pid": 70848,
    "index": 6
  },
  {
    "name": "Require(3) node_modules/_egg-jsonp@2.0.0@egg-jsonp/config/config.default.js",
    "start": 1639388169230,
    "end": 1639388169231,
    "duration": 1,
    "pid": 70848,
    "index": 7
  },
  {
    "name": "Require(4) node_modules/_egg-onerror@2.1.0@egg-onerror/config/config.default.js",
    "start": 1639388169232,
    "end": 1639388169233,
    "duration": 1,
    "pid": 70848,
    "index": 8
  },
  {
    "name": "Require(5) node_modules/_egg-i18n@2.1.1@egg-i18n/config/config.default.js",
    "start": 1639388169234,
    "end": 1639388169235,
    "duration": 1,
    "pid": 70848,
    "index": 9
  },
  {
    "name": "Require(6) node_modules/_egg-watcher@3.1.1@egg-watcher/config/config.default.js",
    "start": 1639388169237,
    "end": 1639388169238,
    "duration": 1,
    "pid": 70848,
    "index": 10
  },
  {
    "name": "Require(7) node_modules/_egg-schedule@3.6.6@egg-schedule/config/config.default.js",
    "start": 1639388169238,
    "end": 1639388169239,
    "duration": 1,
    "pid": 70848,
    "index": 11
  },
  {
    "name": "Require(8) node_modules/_egg-multipart@2.13.1@egg-multipart/config/config.default.js",
    "start": 1639388169240,
    "end": 1639388169241,
    "duration": 1,
    "pid": 70848,
    "index": 12
  },
  {
    "name": "Require(9) node_modules/_egg-development@2.7.0@egg-development/config/config.default.js",
    "start": 1639388169242,
    "end": 1639388169243,
    "duration": 1,
    "pid": 70848,
    "index": 13
  },
  {
    "name": "Require(10) node_modules/_egg-logrotator@3.1.0@egg-logrotator/config/config.default.js",
    "start": 1639388169245,
    "end": 1639388169246,
    "duration": 1,
    "pid": 70848,
    "index": 14
  },
  {
    "name": "Require(11) node_modules/_egg-static@2.2.0@egg-static/config/config.default.js",
    "start": 1639388169247,
    "end": 1639388169248,
    "duration": 1,
    "pid": 70848,
    "index": 15
  },
  {
    "name": "Require(12) node_modules/_egg-view@2.1.3@egg-view/config/config.default.js",
    "start": 1639388169249,
    "end": 1639388169250,
    "duration": 1,
    "pid": 70848,
    "index": 16
  },
  {
    "name": "Require(13) node_modules/_egg-mysql@3.0.0@egg-mysql/config/config.default.js",
    "start": 1639388169251,
    "end": 1639388169252,
    "duration": 1,
    "pid": 70848,
    "index": 17
  },
  {
    "name": "Require(14) node_modules/_egg-sequelize@5.2.2@egg-sequelize/config/config.default.js",
    "start": 1639388169253,
    "end": 1639388169254,
    "duration": 1,
    "pid": 70848,
    "index": 18
  },
  {
    "name": "Require(15) node_modules/_egg-redis@2.4.0@egg-redis/config/config.default.js",
    "start": 1639388169255,
    "end": 1639388169256,
    "duration": 1,
    "pid": 70848,
    "index": 19
  },
  {
    "name": "Require(16) node_modules/_egg-session-redis@2.1.0@egg-session-redis/config/config.default.js",
    "start": 1639388169257,
    "end": 1639388169257,
    "duration": 0,
    "pid": 70848,
    "index": 20
  },
  {
    "name": "Require(17) node_modules/_egg-validate@2.0.2@egg-validate/config/config.default.js",
    "start": 1639388169258,
    "end": 1639388169259,
    "duration": 1,
    "pid": 70848,
    "index": 21
  },
  {
    "name": "Require(18) node_modules/_egg-jwt@3.1.7@egg-jwt/config/config.default.js",
    "start": 1639388169259,
    "end": 1639388169260,
    "duration": 1,
    "pid": 70848,
    "index": 22
  },
  {
    "name": "Require(19) node_modules/_egg-socket.io@4.1.6@egg-socket.io/config/config.default.js",
    "start": 1639388169263,
    "end": 1639388169263,
    "duration": 0,
    "pid": 70848,
    "index": 23
  },
  {
    "name": "Require(20) node_modules/_egg-cors@2.2.3@egg-cors/config/config.default.js",
    "start": 1639388169264,
    "end": 1639388169265,
    "duration": 1,
    "pid": 70848,
    "index": 24
  },
  {
    "name": "Require(21) node_modules/_egg@2.33.0@egg/config/config.default.js",
    "start": 1639388169266,
    "end": 1639388169267,
    "duration": 1,
    "pid": 70848,
    "index": 25
  },
  {
    "name": "Require(22) config/config.default.js",
    "start": 1639388169269,
    "end": 1639388169269,
    "duration": 0,
    "pid": 70848,
    "index": 26
  },
  {
    "name": "Require(23) node_modules/_egg-security@2.9.0@egg-security/config/config.local.js",
    "start": 1639388169271,
    "end": 1639388169272,
    "duration": 1,
    "pid": 70848,
    "index": 27
  },
  {
    "name": "Require(24) node_modules/_egg-watcher@3.1.1@egg-watcher/config/config.local.js",
    "start": 1639388169273,
    "end": 1639388169274,
    "duration": 1,
    "pid": 70848,
    "index": 28
  },
  {
    "name": "Require(25) node_modules/_egg-view@2.1.3@egg-view/config/config.local.js",
    "start": 1639388169276,
    "end": 1639388169277,
    "duration": 1,
    "pid": 70848,
    "index": 29
  },
  {
    "name": "Require(26) node_modules/_egg@2.33.0@egg/config/config.local.js",
    "start": 1639388169282,
    "end": 1639388169282,
    "duration": 0,
    "pid": 70848,
    "index": 30
  },
  {
    "name": "Load extend/application.js",
    "start": 1639388169285,
    "end": 1639388169570,
    "duration": 285,
    "pid": 70848,
    "index": 31
  },
  {
    "name": "Require(27) node_modules/_egg-session@3.3.0@egg-session/app/extend/application.js",
    "start": 1639388169286,
    "end": 1639388169287,
    "duration": 1,
    "pid": 70848,
    "index": 32
  },
  {
    "name": "Require(28) node_modules/_egg-security@2.9.0@egg-security/app/extend/application.js",
    "start": 1639388169288,
    "end": 1639388169290,
    "duration": 2,
    "pid": 70848,
    "index": 33
  },
  {
    "name": "Require(29) node_modules/_egg-jsonp@2.0.0@egg-jsonp/app/extend/application.js",
    "start": 1639388169291,
    "end": 1639388169296,
    "duration": 5,
    "pid": 70848,
    "index": 34
  },
  {
    "name": "Require(30) node_modules/_egg-logrotator@3.1.0@egg-logrotator/app/extend/application.js",
    "start": 1639388169299,
    "end": 1639388169306,
    "duration": 7,
    "pid": 70848,
    "index": 35
  },
  {
    "name": "Require(31) node_modules/_egg-view@2.1.3@egg-view/app/extend/application.js",
    "start": 1639388169307,
    "end": 1639388169312,
    "duration": 5,
    "pid": 70848,
    "index": 36
  },
  {
    "name": "Require(32) node_modules/_egg-jwt@3.1.7@egg-jwt/app/extend/application.js",
    "start": 1639388169314,
    "end": 1639388169414,
    "duration": 100,
    "pid": 70848,
    "index": 37
  },
  {
    "name": "Require(33) node_modules/_egg-socket.io@4.1.6@egg-socket.io/app/extend/application.js",
    "start": 1639388169416,
    "end": 1639388169535,
    "duration": 119,
    "pid": 70848,
    "index": 38
  },
  {
    "name": "Require(34) app/extend/application.js",
    "start": 1639388169538,
    "end": 1639388169559,
    "duration": 21,
    "pid": 70848,
    "index": 39
  },
  {
    "name": "Load extend/request.js",
    "start": 1639388169570,
    "end": 1639388169595,
    "duration": 25,
    "pid": 70848,
    "index": 40
  },
  {
    "name": "Require(35) node_modules/_egg@2.33.0@egg/app/extend/request.js",
    "start": 1639388169580,
    "end": 1639388169584,
    "duration": 4,
    "pid": 70848,
    "index": 41
  },
  {
    "name": "Load extend/response.js",
    "start": 1639388169595,
    "end": 1639388169625,
    "duration": 30,
    "pid": 70848,
    "index": 42
  },
  {
    "name": "Require(36) node_modules/_egg@2.33.0@egg/app/extend/response.js",
    "start": 1639388169606,
    "end": 1639388169616,
    "duration": 10,
    "pid": 70848,
    "index": 43
  },
  {
    "name": "Load extend/context.js",
    "start": 1639388169625,
    "end": 1639388169823,
    "duration": 198,
    "pid": 70848,
    "index": 44
  },
  {
    "name": "Require(37) node_modules/_egg-security@2.9.0@egg-security/app/extend/context.js",
    "start": 1639388169626,
    "end": 1639388169660,
    "duration": 34,
    "pid": 70848,
    "index": 45
  },
  {
    "name": "Require(38) node_modules/_egg-jsonp@2.0.0@egg-jsonp/app/extend/context.js",
    "start": 1639388169664,
    "end": 1639388169668,
    "duration": 4,
    "pid": 70848,
    "index": 46
  },
  {
    "name": "Require(39) node_modules/_egg-i18n@2.1.1@egg-i18n/app/extend/context.js",
    "start": 1639388169669,
    "end": 1639388169670,
    "duration": 1,
    "pid": 70848,
    "index": 47
  },
  {
    "name": "Require(40) node_modules/_egg-multipart@2.13.1@egg-multipart/app/extend/context.js",
    "start": 1639388169672,
    "end": 1639388169795,
    "duration": 123,
    "pid": 70848,
    "index": 48
  },
  {
    "name": "Require(41) node_modules/_egg-view@2.1.3@egg-view/app/extend/context.js",
    "start": 1639388169797,
    "end": 1639388169799,
    "duration": 2,
    "pid": 70848,
    "index": 49
  },
  {
    "name": "Require(42) node_modules/_egg-validate@2.0.2@egg-validate/app/extend/context.js",
    "start": 1639388169801,
    "end": 1639388169802,
    "duration": 1,
    "pid": 70848,
    "index": 50
  },
  {
    "name": "Require(43) node_modules/_egg-passport@2.1.1@egg-passport/app/extend/context.js",
    "start": 1639388169804,
    "end": 1639388169805,
    "duration": 1,
    "pid": 70848,
    "index": 51
  },
  {
    "name": "Require(44) node_modules/_egg@2.33.0@egg/app/extend/context.js",
    "start": 1639388169807,
    "end": 1639388169809,
    "duration": 2,
    "pid": 70848,
    "index": 52
  },
  {
    "name": "Require(45) app/extend/context.js",
    "start": 1639388169810,
    "end": 1639388169811,
    "duration": 1,
    "pid": 70848,
    "index": 53
  },
  {
    "name": "Load extend/helper.js",
    "start": 1639388169823,
    "end": 1639388169908,
    "duration": 85,
    "pid": 70848,
    "index": 54
  },
  {
    "name": "Require(46) node_modules/_egg-security@2.9.0@egg-security/app/extend/helper.js",
    "start": 1639388169824,
    "end": 1639388169873,
    "duration": 49,
    "pid": 70848,
    "index": 55
  },
  {
    "name": "Require(47) node_modules/_egg@2.33.0@egg/app/extend/helper.js",
    "start": 1639388169892,
    "end": 1639388169893,
    "duration": 1,
    "pid": 70848,
    "index": 56
  },
  {
    "name": "Require(48) app/extend/helper.js",
    "start": 1639388169897,
    "end": 1639388169899,
    "duration": 2,
    "pid": 70848,
    "index": 57
  },
  {
    "name": "Load app.js",
    "start": 1639388169908,
    "end": 1639388170268,
    "duration": 360,
    "pid": 70848,
    "index": 58
  },
  {
    "name": "Require(49) node_modules/_egg-session@3.3.0@egg-session/app.js",
    "start": 1639388169909,
    "end": 1639388169913,
    "duration": 4,
    "pid": 70848,
    "index": 59
  },
  {
    "name": "Require(50) node_modules/_egg-security@2.9.0@egg-security/app.js",
    "start": 1639388169914,
    "end": 1639388169918,
    "duration": 4,
    "pid": 70848,
    "index": 60
  },
  {
    "name": "Require(51) node_modules/_egg-onerror@2.1.0@egg-onerror/app.js",
    "start": 1639388169919,
    "end": 1639388169942,
    "duration": 23,
    "pid": 70848,
    "index": 61
  },
  {
    "name": "Require(52) node_modules/_egg-i18n@2.1.1@egg-i18n/app.js",
    "start": 1639388169943,
    "end": 1639388169963,
    "duration": 20,
    "pid": 70848,
    "index": 62
  },
  {
    "name": "Require(53) node_modules/_egg-watcher@3.1.1@egg-watcher/app.js",
    "start": 1639388169964,
    "end": 1639388169976,
    "duration": 12,
    "pid": 70848,
    "index": 63
  },
  {
    "name": "Require(54) node_modules/_egg-schedule@3.6.6@egg-schedule/app.js",
    "start": 1639388169977,
    "end": 1639388169983,
    "duration": 6,
    "pid": 70848,
    "index": 64
  },
  {
    "name": "Require(55) node_modules/_egg-multipart@2.13.1@egg-multipart/app.js",
    "start": 1639388169983,
    "end": 1639388169984,
    "duration": 1,
    "pid": 70848,
    "index": 65
  },
  {
    "name": "Require(56) node_modules/_egg-development@2.7.0@egg-development/app.js",
    "start": 1639388169985,
    "end": 1639388169986,
    "duration": 1,
    "pid": 70848,
    "index": 66
  },
  {
    "name": "Require(57) node_modules/_egg-logrotator@3.1.0@egg-logrotator/app.js",
    "start": 1639388169986,
    "end": 1639388169988,
    "duration": 2,
    "pid": 70848,
    "index": 67
  },
  {
    "name": "Require(58) node_modules/_egg-static@2.2.0@egg-static/app.js",
    "start": 1639388169989,
    "end": 1639388169990,
    "duration": 1,
    "pid": 70848,
    "index": 68
  },
  {
    "name": "Require(59) node_modules/_egg-mysql@3.0.0@egg-mysql/app.js",
    "start": 1639388169992,
    "end": 1639388170030,
    "duration": 38,
    "pid": 70848,
    "index": 69
  },
  {
    "name": "Require(60) node_modules/_egg-sequelize@5.2.2@egg-sequelize/app.js",
    "start": 1639388170030,
    "end": 1639388170031,
    "duration": 1,
    "pid": 70848,
    "index": 70
  },
  {
    "name": "Require(61) node_modules/_egg-redis@2.4.0@egg-redis/app.js",
    "start": 1639388170031,
    "end": 1639388170035,
    "duration": 4,
    "pid": 70848,
    "index": 71
  },
  {
    "name": "Require(62) node_modules/_egg-session-redis@2.1.0@egg-session-redis/app.js",
    "start": 1639388170036,
    "end": 1639388170037,
    "duration": 1,
    "pid": 70848,
    "index": 72
  },
  {
    "name": "Require(63) node_modules/_egg-validate@2.0.2@egg-validate/app.js",
    "start": 1639388170038,
    "end": 1639388170042,
    "duration": 4,
    "pid": 70848,
    "index": 73
  },
  {
    "name": "Require(64) node_modules/_egg-jwt@3.1.7@egg-jwt/app.js",
    "start": 1639388170043,
    "end": 1639388170043,
    "duration": 0,
    "pid": 70848,
    "index": 74
  },
  {
    "name": "Require(65) node_modules/_egg-passport@2.1.1@egg-passport/app.js",
    "start": 1639388170045,
    "end": 1639388170090,
    "duration": 45,
    "pid": 70848,
    "index": 75
  },
  {
    "name": "Require(66) node_modules/_egg-socket.io@4.1.6@egg-socket.io/app.js",
    "start": 1639388170090,
    "end": 1639388170262,
    "duration": 172,
    "pid": 70848,
    "index": 76
  },
  {
    "name": "Require(67) node_modules/_egg-cors@2.2.3@egg-cors/app.js",
    "start": 1639388170264,
    "end": 1639388170266,
    "duration": 2,
    "pid": 70848,
    "index": 77
  },
  {
    "name": "Require(68) app.js",
    "start": 1639388170267,
    "end": 1639388170268,
    "duration": 1,
    "pid": 70848,
    "index": 78
  },
  {
    "name": "Before Start in node_modules/_egg-watcher@3.1.1@egg-watcher/lib/init.js:15:14",
    "start": 1639388170337,
    "end": 1639388171951,
    "duration": 1614,
    "pid": 70848,
    "index": 79
  },
  {
    "name": "Before Start in node_modules/_egg-mysql@3.0.0@egg-mysql/lib/mysql.js:20:7",
    "start": 1639388170556,
    "end": 1639388171953,
    "duration": 1397,
    "pid": 70848,
    "index": 80
  },
  {
    "name": "Load \"Symbol(model)\" to Application",
    "start": 1639388171249,
    "end": 1639388171312,
    "duration": 63,
    "pid": 70848,
    "index": 81
  },
  {
    "name": "Before Start in node_modules/_egg-sequelize@5.2.2@egg-sequelize/lib/loader.js:39:7",
    "start": 1639388171312,
    "end": 1639388171972,
    "duration": 660,
    "pid": 70848,
    "index": 82
  },
  {
    "name": "Before Start in node_modules/_egg-redis@2.4.0@egg-redis/lib/redis.js:53:7",
    "start": 1639388171419,
    "end": 1639388171419,
    "duration": 0,
    "pid": 70848,
    "index": 83
  },
  {
    "name": "Before Start in node_modules/_egg-redis@2.4.0@egg-redis/lib/redis.js:53:7",
    "start": 1639388171419,
    "end": 1639388171419,
    "duration": 0,
    "pid": 70848,
    "index": 84
  },
  {
    "name": "Before Start in node_modules/_egg-redis@2.4.0@egg-redis/lib/redis.js:53:7",
    "start": 1639388171419,
    "end": 1639388171921,
    "duration": 502,
    "pid": 70848,
    "index": 85
  },
  {
    "name": "Load Controller",
    "start": 1639388171444,
    "end": 1639388171786,
    "duration": 342,
    "pid": 70848,
    "index": 86
  },
  {
    "name": "Load \"controller\" to Application",
    "start": 1639388171444,
    "end": 1639388171786,
    "duration": 342,
    "pid": 70848,
    "index": 87
  },
  {
    "name": "Before Start in node_modules/_egg-socket.io@4.1.6@egg-socket.io/lib/io.js:26:7",
    "start": 1639388171463,
    "end": 1639388171878,
    "duration": 415,
    "pid": 70848,
    "index": 88
  },
  {
    "name": "Before Start in app.js:4:7",
    "start": 1639388171463,
    "end": 1639388171878,
    "duration": 415,
    "pid": 70848,
    "index": 89
  },
  {
    "name": "Load Service",
    "start": 1639388171464,
    "end": 1639388171513,
    "duration": 49,
    "pid": 70848,
    "index": 90
  },
  {
    "name": "Load \"service\" to Context",
    "start": 1639388171464,
    "end": 1639388171513,
    "duration": 49,
    "pid": 70848,
    "index": 91
  },
  {
    "name": "Load Middleware",
    "start": 1639388171513,
    "end": 1639388171786,
    "duration": 273,
    "pid": 70848,
    "index": 92
  },
  {
    "name": "Load \"middlewares\" to Application",
    "start": 1639388171514,
    "end": 1639388171758,
    "duration": 244,
    "pid": 70848,
    "index": 93
  },
  {
    "name": "Load Controller",
    "start": 1639388171786,
    "end": 1639388171818,
    "duration": 32,
    "pid": 70848,
    "index": 94
  },
  {
    "name": "Load \"controller\" to Application",
    "start": 1639388171786,
    "end": 1639388171818,
    "duration": 32,
    "pid": 70848,
    "index": 95
  },
  {
    "name": "Load Router",
    "start": 1639388171818,
    "end": 1639388171822,
    "duration": 4,
    "pid": 70848,
    "index": 96
  },
  {
    "name": "Require(69) app/router.js",
    "start": 1639388171818,
    "end": 1639388171819,
    "duration": 1,
    "pid": 70848,
    "index": 97
  },
  {
    "name": "Before Start in node_modules/_egg-core@4.21.0@egg-core/lib/egg.js:303:10",
    "start": 1639388171820,
    "end": 1639388171878,
    "duration": 58,
    "pid": 70848,
    "index": 98
  }
]