[
  {
    "name": "Process Start",
    "start": 1639387659345,
    "end": 1639387661586,
    "duration": 2241,
    "pid": 52812,
    "index": 0
  },
  {
    "name": "Application Start",
    "start": 1639387661587,
    "end": 1639387664677,
    "duration": 3090,
    "pid": 52812,
    "index": 1
  },
  {
    "name": "Load Plugin",
    "start": 1639387661593,
    "end": 1639387661738,
    "duration": 145,
    "pid": 52812,
    "index": 2
  },
  {
    "name": "Load Config",
    "start": 1639387661738,
    "end": 1639387661864,
    "duration": 126,
    "pid": 52812,
    "index": 3
  },
  {
    "name": "Require(0) config/config.default.js",
    "start": 1639387661740,
    "end": 1639387661769,
    "duration": 29,
    "pid": 52812,
    "index": 4
  },
  {
    "name": "Require(1) node_modules/_egg-session@3.3.0@egg-session/config/config.default.js",
    "start": 1639387661775,
    "end": 1639387661779,
    "duration": 4,
    "pid": 52812,
    "index": 5
  },
  {
    "name": "Require(2) node_modules/_egg-security@2.9.0@egg-security/config/config.default.js",
    "start": 1639387661780,
    "end": 1639387661781,
    "duration": 1,
    "pid": 52812,
    "index": 6
  },
  {
    "name": "Require(3) node_modules/_egg-jsonp@2.0.0@egg-jsonp/config/config.default.js",
    "start": 1639387661786,
    "end": 1639387661787,
    "duration": 1,
    "pid": 52812,
    "index": 7
  },
  {
    "name": "Require(4) node_modules/_egg-onerror@2.1.0@egg-onerror/config/config.default.js",
    "start": 1639387661788,
    "end": 1639387661791,
    "duration": 3,
    "pid": 52812,
    "index": 8
  },
  {
    "name": "Require(5) node_modules/_egg-i18n@2.1.1@egg-i18n/config/config.default.js",
    "start": 1639387661793,
    "end": 1639387661794,
    "duration": 1,
    "pid": 52812,
    "index": 9
  },
  {
    "name": "Require(6) node_modules/_egg-watcher@3.1.1@egg-watcher/config/config.default.js",
    "start": 1639387661796,
    "end": 1639387661797,
    "duration": 1,
    "pid": 52812,
    "index": 10
  },
  {
    "name": "Require(7) node_modules/_egg-schedule@3.6.6@egg-schedule/config/config.default.js",
    "start": 1639387661798,
    "end": 1639387661799,
    "duration": 1,
    "pid": 52812,
    "index": 11
  },
  {
    "name": "Require(8) node_modules/_egg-multipart@2.13.1@egg-multipart/config/config.default.js",
    "start": 1639387661802,
    "end": 1639387661803,
    "duration": 1,
    "pid": 52812,
    "index": 12
  },
  {
    "name": "Require(9) node_modules/_egg-development@2.7.0@egg-development/config/config.default.js",
    "start": 1639387661806,
    "end": 1639387661807,
    "duration": 1,
    "pid": 52812,
    "index": 13
  },
  {
    "name": "Require(10) node_modules/_egg-logrotator@3.1.0@egg-logrotator/config/config.default.js",
    "start": 1639387661808,
    "end": 1639387661809,
    "duration": 1,
    "pid": 52812,
    "index": 14
  },
  {
    "name": "Require(11) node_modules/_egg-static@2.2.0@egg-static/config/config.default.js",
    "start": 1639387661811,
    "end": 1639387661812,
    "duration": 1,
    "pid": 52812,
    "index": 15
  },
  {
    "name": "Require(12) node_modules/_egg-view@2.1.3@egg-view/config/config.default.js",
    "start": 1639387661814,
    "end": 1639387661815,
    "duration": 1,
    "pid": 52812,
    "index": 16
  },
  {
    "name": "Require(13) node_modules/_egg-mysql@3.0.0@egg-mysql/config/config.default.js",
    "start": 1639387661816,
    "end": 1639387661819,
    "duration": 3,
    "pid": 52812,
    "index": 17
  },
  {
    "name": "Require(14) node_modules/_egg-sequelize@5.2.2@egg-sequelize/config/config.default.js",
    "start": 1639387661821,
    "end": 1639387661824,
    "duration": 3,
    "pid": 52812,
    "index": 18
  },
  {
    "name": "Require(15) node_modules/_egg-redis@2.4.0@egg-redis/config/config.default.js",
    "start": 1639387661825,
    "end": 1639387661827,
    "duration": 2,
    "pid": 52812,
    "index": 19
  },
  {
    "name": "Require(16) node_modules/_egg-session-redis@2.1.0@egg-session-redis/config/config.default.js",
    "start": 1639387661828,
    "end": 1639387661829,
    "duration": 1,
    "pid": 52812,
    "index": 20
  },
  {
    "name": "Require(17) node_modules/_egg-validate@2.0.2@egg-validate/config/config.default.js",
    "start": 1639387661831,
    "end": 1639387661831,
    "duration": 0,
    "pid": 52812,
    "index": 21
  },
  {
    "name": "Require(18) node_modules/_egg-jwt@3.1.7@egg-jwt/config/config.default.js",
    "start": 1639387661832,
    "end": 1639387661834,
    "duration": 2,
    "pid": 52812,
    "index": 22
  },
  {
    "name": "Require(19) node_modules/_egg-socket.io@4.1.6@egg-socket.io/config/config.default.js",
    "start": 1639387661838,
    "end": 1639387661839,
    "duration": 1,
    "pid": 52812,
    "index": 23
  },
  {
    "name": "Require(20) node_modules/_egg-cors@2.2.3@egg-cors/config/config.default.js",
    "start": 1639387661840,
    "end": 1639387661841,
    "duration": 1,
    "pid": 52812,
    "index": 24
  },
  {
    "name": "Require(21) node_modules/_egg@2.33.0@egg/config/config.default.js",
    "start": 1639387661843,
    "end": 1639387661845,
    "duration": 2,
    "pid": 52812,
    "index": 25
  },
  {
    "name": "Require(22) config/config.default.js",
    "start": 1639387661847,
    "end": 1639387661847,
    "duration": 0,
    "pid": 52812,
    "index": 26
  },
  {
    "name": "Require(23) node_modules/_egg-security@2.9.0@egg-security/config/config.local.js",
    "start": 1639387661849,
    "end": 1639387661849,
    "duration": 0,
    "pid": 52812,
    "index": 27
  },
  {
    "name": "Require(24) node_modules/_egg-watcher@3.1.1@egg-watcher/config/config.local.js",
    "start": 1639387661854,
    "end": 1639387661855,
    "duration": 1,
    "pid": 52812,
    "index": 28
  },
  {
    "name": "Require(25) node_modules/_egg-view@2.1.3@egg-view/config/config.local.js",
    "start": 1639387661858,
    "end": 1639387661859,
    "duration": 1,
    "pid": 52812,
    "index": 29
  },
  {
    "name": "Require(26) node_modules/_egg@2.33.0@egg/config/config.local.js",
    "start": 1639387661863,
    "end": 1639387661864,
    "duration": 1,
    "pid": 52812,
    "index": 30
  },
  {
    "name": "Load extend/application.js",
    "start": 1639387661866,
    "end": 1639387662264,
    "duration": 398,
    "pid": 52812,
    "index": 31
  },
  {
    "name": "Require(27) node_modules/_egg-session@3.3.0@egg-session/app/extend/application.js",
    "start": 1639387661870,
    "end": 1639387661872,
    "duration": 2,
    "pid": 52812,
    "index": 32
  },
  {
    "name": "Require(28) node_modules/_egg-security@2.9.0@egg-security/app/extend/application.js",
    "start": 1639387661873,
    "end": 1639387661877,
    "duration": 4,
    "pid": 52812,
    "index": 33
  },
  {
    "name": "Require(29) node_modules/_egg-jsonp@2.0.0@egg-jsonp/app/extend/application.js",
    "start": 1639387661878,
    "end": 1639387661883,
    "duration": 5,
    "pid": 52812,
    "index": 34
  },
  {
    "name": "Require(30) node_modules/_egg-logrotator@3.1.0@egg-logrotator/app/extend/application.js",
    "start": 1639387661889,
    "end": 1639387661897,
    "duration": 8,
    "pid": 52812,
    "index": 35
  },
  {
    "name": "Require(31) node_modules/_egg-view@2.1.3@egg-view/app/extend/application.js",
    "start": 1639387661899,
    "end": 1639387661908,
    "duration": 9,
    "pid": 52812,
    "index": 36
  },
  {
    "name": "Require(32) node_modules/_egg-jwt@3.1.7@egg-jwt/app/extend/application.js",
    "start": 1639387661913,
    "end": 1639387662050,
    "duration": 137,
    "pid": 52812,
    "index": 37
  },
  {
    "name": "Require(33) node_modules/_egg-socket.io@4.1.6@egg-socket.io/app/extend/application.js",
    "start": 1639387662052,
    "end": 1639387662224,
    "duration": 172,
    "pid": 52812,
    "index": 38
  },
  {
    "name": "Require(34) app/extend/application.js",
    "start": 1639387662227,
    "end": 1639387662254,
    "duration": 27,
    "pid": 52812,
    "index": 39
  },
  {
    "name": "Load extend/request.js",
    "start": 1639387662264,
    "end": 1639387662287,
    "duration": 23,
    "pid": 52812,
    "index": 40
  },
  {
    "name": "Require(35) node_modules/_egg@2.33.0@egg/app/extend/request.js",
    "start": 1639387662274,
    "end": 1639387662278,
    "duration": 4,
    "pid": 52812,
    "index": 41
  },
  {
    "name": "Load extend/response.js",
    "start": 1639387662287,
    "end": 1639387662314,
    "duration": 27,
    "pid": 52812,
    "index": 42
  },
  {
    "name": "Require(36) node_modules/_egg@2.33.0@egg/app/extend/response.js",
    "start": 1639387662296,
    "end": 1639387662304,
    "duration": 8,
    "pid": 52812,
    "index": 43
  },
  {
    "name": "Load extend/context.js",
    "start": 1639387662315,
    "end": 1639387662513,
    "duration": 198,
    "pid": 52812,
    "index": 44
  },
  {
    "name": "Require(37) node_modules/_egg-security@2.9.0@egg-security/app/extend/context.js",
    "start": 1639387662316,
    "end": 1639387662354,
    "duration": 38,
    "pid": 52812,
    "index": 45
  },
  {
    "name": "Require(38) node_modules/_egg-jsonp@2.0.0@egg-jsonp/app/extend/context.js",
    "start": 1639387662355,
    "end": 1639387662360,
    "duration": 5,
    "pid": 52812,
    "index": 46
  },
  {
    "name": "Require(39) node_modules/_egg-i18n@2.1.1@egg-i18n/app/extend/context.js",
    "start": 1639387662362,
    "end": 1639387662362,
    "duration": 0,
    "pid": 52812,
    "index": 47
  },
  {
    "name": "Require(40) node_modules/_egg-multipart@2.13.1@egg-multipart/app/extend/context.js",
    "start": 1639387662364,
    "end": 1639387662485,
    "duration": 121,
    "pid": 52812,
    "index": 48
  },
  {
    "name": "Require(41) node_modules/_egg-view@2.1.3@egg-view/app/extend/context.js",
    "start": 1639387662487,
    "end": 1639387662489,
    "duration": 2,
    "pid": 52812,
    "index": 49
  },
  {
    "name": "Require(42) node_modules/_egg-validate@2.0.2@egg-validate/app/extend/context.js",
    "start": 1639387662491,
    "end": 1639387662492,
    "duration": 1,
    "pid": 52812,
    "index": 50
  },
  {
    "name": "Require(43) node_modules/_egg-passport@2.1.1@egg-passport/app/extend/context.js",
    "start": 1639387662493,
    "end": 1639387662495,
    "duration": 2,
    "pid": 52812,
    "index": 51
  },
  {
    "name": "Require(44) node_modules/_egg@2.33.0@egg/app/extend/context.js",
    "start": 1639387662497,
    "end": 1639387662500,
    "duration": 3,
    "pid": 52812,
    "index": 52
  },
  {
    "name": "Require(45) app/extend/context.js",
    "start": 1639387662500,
    "end": 1639387662501,
    "duration": 1,
    "pid": 52812,
    "index": 53
  },
  {
    "name": "Load extend/helper.js",
    "start": 1639387662513,
    "end": 1639387662578,
    "duration": 65,
    "pid": 52812,
    "index": 54
  },
  {
    "name": "Require(46) node_modules/_egg-security@2.9.0@egg-security/app/extend/helper.js",
    "start": 1639387662514,
    "end": 1639387662556,
    "duration": 42,
    "pid": 52812,
    "index": 55
  },
  {
    "name": "Require(47) node_modules/_egg@2.33.0@egg/app/extend/helper.js",
    "start": 1639387662565,
    "end": 1639387662565,
    "duration": 0,
    "pid": 52812,
    "index": 56
  },
  {
    "name": "Require(48) app/extend/helper.js",
    "start": 1639387662566,
    "end": 1639387662569,
    "duration": 3,
    "pid": 52812,
    "index": 57
  },
  {
    "name": "Load app.js",
    "start": 1639387662578,
    "end": 1639387662854,
    "duration": 276,
    "pid": 52812,
    "index": 58
  },
  {
    "name": "Require(49) node_modules/_egg-session@3.3.0@egg-session/app.js",
    "start": 1639387662579,
    "end": 1639387662579,
    "duration": 0,
    "pid": 52812,
    "index": 59
  },
  {
    "name": "Require(50) node_modules/_egg-security@2.9.0@egg-security/app.js",
    "start": 1639387662580,
    "end": 1639387662584,
    "duration": 4,
    "pid": 52812,
    "index": 60
  },
  {
    "name": "Require(51) node_modules/_egg-onerror@2.1.0@egg-onerror/app.js",
    "start": 1639387662585,
    "end": 1639387662610,
    "duration": 25,
    "pid": 52812,
    "index": 61
  },
  {
    "name": "Require(52) node_modules/_egg-i18n@2.1.1@egg-i18n/app.js",
    "start": 1639387662611,
    "end": 1639387662629,
    "duration": 18,
    "pid": 52812,
    "index": 62
  },
  {
    "name": "Require(53) node_modules/_egg-watcher@3.1.1@egg-watcher/app.js",
    "start": 1639387662629,
    "end": 1639387662641,
    "duration": 12,
    "pid": 52812,
    "index": 63
  },
  {
    "name": "Require(54) node_modules/_egg-schedule@3.6.6@egg-schedule/app.js",
    "start": 1639387662641,
    "end": 1639387662646,
    "duration": 5,
    "pid": 52812,
    "index": 64
  },
  {
    "name": "Require(55) node_modules/_egg-multipart@2.13.1@egg-multipart/app.js",
    "start": 1639387662647,
    "end": 1639387662648,
    "duration": 1,
    "pid": 52812,
    "index": 65
  },
  {
    "name": "Require(56) node_modules/_egg-development@2.7.0@egg-development/app.js",
    "start": 1639387662648,
    "end": 1639387662649,
    "duration": 1,
    "pid": 52812,
    "index": 66
  },
  {
    "name": "Require(57) node_modules/_egg-logrotator@3.1.0@egg-logrotator/app.js",
    "start": 1639387662650,
    "end": 1639387662652,
    "duration": 2,
    "pid": 52812,
    "index": 67
  },
  {
    "name": "Require(58) node_modules/_egg-static@2.2.0@egg-static/app.js",
    "start": 1639387662653,
    "end": 1639387662653,
    "duration": 0,
    "pid": 52812,
    "index": 68
  },
  {
    "name": "Require(59) node_modules/_egg-mysql@3.0.0@egg-mysql/app.js",
    "start": 1639387662655,
    "end": 1639387662693,
    "duration": 38,
    "pid": 52812,
    "index": 69
  },
  {
    "name": "Require(60) node_modules/_egg-sequelize@5.2.2@egg-sequelize/app.js",
    "start": 1639387662693,
    "end": 1639387662694,
    "duration": 1,
    "pid": 52812,
    "index": 70
  },
  {
    "name": "Require(61) node_modules/_egg-redis@2.4.0@egg-redis/app.js",
    "start": 1639387662695,
    "end": 1639387662700,
    "duration": 5,
    "pid": 52812,
    "index": 71
  },
  {
    "name": "Require(62) node_modules/_egg-session-redis@2.1.0@egg-session-redis/app.js",
    "start": 1639387662700,
    "end": 1639387662701,
    "duration": 1,
    "pid": 52812,
    "index": 72
  },
  {
    "name": "Require(63) node_modules/_egg-validate@2.0.2@egg-validate/app.js",
    "start": 1639387662702,
    "end": 1639387662706,
    "duration": 4,
    "pid": 52812,
    "index": 73
  },
  {
    "name": "Require(64) node_modules/_egg-jwt@3.1.7@egg-jwt/app.js",
    "start": 1639387662707,
    "end": 1639387662708,
    "duration": 1,
    "pid": 52812,
    "index": 74
  },
  {
    "name": "Require(65) node_modules/_egg-passport@2.1.1@egg-passport/app.js",
    "start": 1639387662708,
    "end": 1639387662747,
    "duration": 39,
    "pid": 52812,
    "index": 75
  },
  {
    "name": "Require(66) node_modules/_egg-socket.io@4.1.6@egg-socket.io/app.js",
    "start": 1639387662747,
    "end": 1639387662848,
    "duration": 101,
    "pid": 52812,
    "index": 76
  },
  {
    "name": "Require(67) node_modules/_egg-cors@2.2.3@egg-cors/app.js",
    "start": 1639387662848,
    "end": 1639387662849,
    "duration": 1,
    "pid": 52812,
    "index": 77
  },
  {
    "name": "Require(68) app.js",
    "start": 1639387662852,
    "end": 1639387662853,
    "duration": 1,
    "pid": 52812,
    "index": 78
  },
  {
    "name": "Before Start in node_modules/_egg-watcher@3.1.1@egg-watcher/lib/init.js:15:14",
    "start": 1639387662873,
    "end": 1639387664654,
    "duration": 1781,
    "pid": 52812,
    "index": 79
  },
  {
    "name": "Before Start in node_modules/_egg-mysql@3.0.0@egg-mysql/lib/mysql.js:20:7",
    "start": 1639387663068,
    "end": 1639387664652,
    "duration": 1584,
    "pid": 52812,
    "index": 80
  },
  {
    "name": "Load \"Symbol(model)\" to Application",
    "start": 1639387663854,
    "end": 1639387663945,
    "duration": 91,
    "pid": 52812,
    "index": 81
  },
  {
    "name": "Before Start in node_modules/_egg-sequelize@5.2.2@egg-sequelize/lib/loader.js:39:7",
    "start": 1639387663946,
    "end": 1639387664677,
    "duration": 731,
    "pid": 52812,
    "index": 82
  },
  {
    "name": "Before Start in node_modules/_egg-redis@2.4.0@egg-redis/lib/redis.js:53:7",
    "start": 1639387664071,
    "end": 1639387664071,
    "duration": 0,
    "pid": 52812,
    "index": 83
  },
  {
    "name": "Before Start in node_modules/_egg-redis@2.4.0@egg-redis/lib/redis.js:53:7",
    "start": 1639387664071,
    "end": 1639387664071,
    "duration": 0,
    "pid": 52812,
    "index": 84
  },
  {
    "name": "Before Start in node_modules/_egg-redis@2.4.0@egg-redis/lib/redis.js:53:7",
    "start": 1639387664071,
    "end": 1639387664616,
    "duration": 545,
    "pid": 52812,
    "index": 85
  },
  {
    "name": "Load Controller",
    "start": 1639387664095,
    "end": 1639387664493,
    "duration": 398,
    "pid": 52812,
    "index": 86
  },
  {
    "name": "Load \"controller\" to Application",
    "start": 1639387664095,
    "end": 1639387664493,
    "duration": 398,
    "pid": 52812,
    "index": 87
  },
  {
    "name": "Before Start in node_modules/_egg-socket.io@4.1.6@egg-socket.io/lib/io.js:26:7",
    "start": 1639387664114,
    "end": 1639387664578,
    "duration": 464,
    "pid": 52812,
    "index": 88
  },
  {
    "name": "Before Start in app.js:4:7",
    "start": 1639387664114,
    "end": 1639387664578,
    "duration": 464,
    "pid": 52812,
    "index": 89
  },
  {
    "name": "Load Service",
    "start": 1639387664115,
    "end": 1639387664172,
    "duration": 57,
    "pid": 52812,
    "index": 90
  },
  {
    "name": "Load \"service\" to Context",
    "start": 1639387664116,
    "end": 1639387664172,
    "duration": 56,
    "pid": 52812,
    "index": 91
  },
  {
    "name": "Load Middleware",
    "start": 1639387664172,
    "end": 1639387664493,
    "duration": 321,
    "pid": 52812,
    "index": 92
  },
  {
    "name": "Load \"middlewares\" to Application",
    "start": 1639387664173,
    "end": 1639387664465,
    "duration": 292,
    "pid": 52812,
    "index": 93
  },
  {
    "name": "Load Controller",
    "start": 1639387664493,
    "end": 1639387664525,
    "duration": 32,
    "pid": 52812,
    "index": 94
  },
  {
    "name": "Load \"controller\" to Application",
    "start": 1639387664493,
    "end": 1639387664525,
    "duration": 32,
    "pid": 52812,
    "index": 95
  },
  {
    "name": "Load Router",
    "start": 1639387664525,
    "end": 1639387664530,
    "duration": 5,
    "pid": 52812,
    "index": 96
  },
  {
    "name": "Require(69) app/router.js",
    "start": 1639387664525,
    "end": 1639387664526,
    "duration": 1,
    "pid": 52812,
    "index": 97
  },
  {
    "name": "Before Start in node_modules/_egg-core@4.21.0@egg-core/lib/egg.js:303:10",
    "start": 1639387664527,
    "end": 1639387664578,
    "duration": 51,
    "pid": 52812,
    "index": 98
  }
]