[
  {
    "name": "Process Start",
    "start": 1639387664842,
    "end": 1639387666250,
    "duration": 1408,
    "pid": 63556,
    "index": 0
  },
  {
    "name": "Application Start",
    "start": 1639387666251,
    "end": 1639387668785,
    "duration": 2534,
    "pid": 63556,
    "index": 1
  },
  {
    "name": "Load Plugin",
    "start": 1639387666259,
    "end": 1639387666332,
    "duration": 73,
    "pid": 63556,
    "index": 2
  },
  {
    "name": "Load Config",
    "start": 1639387666332,
    "end": 1639387666405,
    "duration": 73,
    "pid": 63556,
    "index": 3
  },
  {
    "name": "Require(0) config/config.default.js",
    "start": 1639387666334,
    "end": 1639387666354,
    "duration": 20,
    "pid": 63556,
    "index": 4
  },
  {
    "name": "Require(1) node_modules/_egg-session@3.3.0@egg-session/config/config.default.js",
    "start": 1639387666357,
    "end": 1639387666358,
    "duration": 1,
    "pid": 63556,
    "index": 5
  },
  {
    "name": "Require(2) node_modules/_egg-security@2.9.0@egg-security/config/config.default.js",
    "start": 1639387666358,
    "end": 1639387666359,
    "duration": 1,
    "pid": 63556,
    "index": 6
  },
  {
    "name": "Require(3) node_modules/_egg-jsonp@2.0.0@egg-jsonp/config/config.default.js",
    "start": 1639387666360,
    "end": 1639387666361,
    "duration": 1,
    "pid": 63556,
    "index": 7
  },
  {
    "name": "Require(4) node_modules/_egg-onerror@2.1.0@egg-onerror/config/config.default.js",
    "start": 1639387666362,
    "end": 1639387666363,
    "duration": 1,
    "pid": 63556,
    "index": 8
  },
  {
    "name": "Require(5) node_modules/_egg-i18n@2.1.1@egg-i18n/config/config.default.js",
    "start": 1639387666364,
    "end": 1639387666365,
    "duration": 1,
    "pid": 63556,
    "index": 9
  },
  {
    "name": "Require(6) node_modules/_egg-watcher@3.1.1@egg-watcher/config/config.default.js",
    "start": 1639387666366,
    "end": 1639387666366,
    "duration": 0,
    "pid": 63556,
    "index": 10
  },
  {
    "name": "Require(7) node_modules/_egg-schedule@3.6.6@egg-schedule/config/config.default.js",
    "start": 1639387666367,
    "end": 1639387666368,
    "duration": 1,
    "pid": 63556,
    "index": 11
  },
  {
    "name": "Require(8) node_modules/_egg-multipart@2.13.1@egg-multipart/config/config.default.js",
    "start": 1639387666369,
    "end": 1639387666370,
    "duration": 1,
    "pid": 63556,
    "index": 12
  },
  {
    "name": "Require(9) node_modules/_egg-development@2.7.0@egg-development/config/config.default.js",
    "start": 1639387666371,
    "end": 1639387666372,
    "duration": 1,
    "pid": 63556,
    "index": 13
  },
  {
    "name": "Require(10) node_modules/_egg-logrotator@3.1.0@egg-logrotator/config/config.default.js",
    "start": 1639387666372,
    "end": 1639387666373,
    "duration": 1,
    "pid": 63556,
    "index": 14
  },
  {
    "name": "Require(11) node_modules/_egg-static@2.2.0@egg-static/config/config.default.js",
    "start": 1639387666374,
    "end": 1639387666374,
    "duration": 0,
    "pid": 63556,
    "index": 15
  },
  {
    "name": "Require(12) node_modules/_egg-view@2.1.3@egg-view/config/config.default.js",
    "start": 1639387666375,
    "end": 1639387666376,
    "duration": 1,
    "pid": 63556,
    "index": 16
  },
  {
    "name": "Require(13) node_modules/_egg-mysql@3.0.0@egg-mysql/config/config.default.js",
    "start": 1639387666377,
    "end": 1639387666378,
    "duration": 1,
    "pid": 63556,
    "index": 17
  },
  {
    "name": "Require(14) node_modules/_egg-sequelize@5.2.2@egg-sequelize/config/config.default.js",
    "start": 1639387666379,
    "end": 1639387666380,
    "duration": 1,
    "pid": 63556,
    "index": 18
  },
  {
    "name": "Require(15) node_modules/_egg-redis@2.4.0@egg-redis/config/config.default.js",
    "start": 1639387666381,
    "end": 1639387666381,
    "duration": 0,
    "pid": 63556,
    "index": 19
  },
  {
    "name": "Require(16) node_modules/_egg-session-redis@2.1.0@egg-session-redis/config/config.default.js",
    "start": 1639387666382,
    "end": 1639387666382,
    "duration": 0,
    "pid": 63556,
    "index": 20
  },
  {
    "name": "Require(17) node_modules/_egg-validate@2.0.2@egg-validate/config/config.default.js",
    "start": 1639387666384,
    "end": 1639387666384,
    "duration": 0,
    "pid": 63556,
    "index": 21
  },
  {
    "name": "Require(18) node_modules/_egg-jwt@3.1.7@egg-jwt/config/config.default.js",
    "start": 1639387666385,
    "end": 1639387666386,
    "duration": 1,
    "pid": 63556,
    "index": 22
  },
  {
    "name": "Require(19) node_modules/_egg-socket.io@4.1.6@egg-socket.io/config/config.default.js",
    "start": 1639387666387,
    "end": 1639387666388,
    "duration": 1,
    "pid": 63556,
    "index": 23
  },
  {
    "name": "Require(20) node_modules/_egg-cors@2.2.3@egg-cors/config/config.default.js",
    "start": 1639387666389,
    "end": 1639387666389,
    "duration": 0,
    "pid": 63556,
    "index": 24
  },
  {
    "name": "Require(21) node_modules/_egg@2.33.0@egg/config/config.default.js",
    "start": 1639387666390,
    "end": 1639387666391,
    "duration": 1,
    "pid": 63556,
    "index": 25
  },
  {
    "name": "Require(22) config/config.default.js",
    "start": 1639387666392,
    "end": 1639387666392,
    "duration": 0,
    "pid": 63556,
    "index": 26
  },
  {
    "name": "Require(23) node_modules/_egg-security@2.9.0@egg-security/config/config.local.js",
    "start": 1639387666394,
    "end": 1639387666395,
    "duration": 1,
    "pid": 63556,
    "index": 27
  },
  {
    "name": "Require(24) node_modules/_egg-watcher@3.1.1@egg-watcher/config/config.local.js",
    "start": 1639387666396,
    "end": 1639387666397,
    "duration": 1,
    "pid": 63556,
    "index": 28
  },
  {
    "name": "Require(25) node_modules/_egg-view@2.1.3@egg-view/config/config.local.js",
    "start": 1639387666399,
    "end": 1639387666400,
    "duration": 1,
    "pid": 63556,
    "index": 29
  },
  {
    "name": "Require(26) node_modules/_egg@2.33.0@egg/config/config.local.js",
    "start": 1639387666405,
    "end": 1639387666405,
    "duration": 0,
    "pid": 63556,
    "index": 30
  },
  {
    "name": "Load extend/application.js",
    "start": 1639387666407,
    "end": 1639387666707,
    "duration": 300,
    "pid": 63556,
    "index": 31
  },
  {
    "name": "Require(27) node_modules/_egg-session@3.3.0@egg-session/app/extend/application.js",
    "start": 1639387666408,
    "end": 1639387666410,
    "duration": 2,
    "pid": 63556,
    "index": 32
  },
  {
    "name": "Require(28) node_modules/_egg-security@2.9.0@egg-security/app/extend/application.js",
    "start": 1639387666411,
    "end": 1639387666413,
    "duration": 2,
    "pid": 63556,
    "index": 33
  },
  {
    "name": "Require(29) node_modules/_egg-jsonp@2.0.0@egg-jsonp/app/extend/application.js",
    "start": 1639387666414,
    "end": 1639387666419,
    "duration": 5,
    "pid": 63556,
    "index": 34
  },
  {
    "name": "Require(30) node_modules/_egg-logrotator@3.1.0@egg-logrotator/app/extend/application.js",
    "start": 1639387666422,
    "end": 1639387666430,
    "duration": 8,
    "pid": 63556,
    "index": 35
  },
  {
    "name": "Require(31) node_modules/_egg-view@2.1.3@egg-view/app/extend/application.js",
    "start": 1639387666431,
    "end": 1639387666436,
    "duration": 5,
    "pid": 63556,
    "index": 36
  },
  {
    "name": "Require(32) node_modules/_egg-jwt@3.1.7@egg-jwt/app/extend/application.js",
    "start": 1639387666438,
    "end": 1639387666531,
    "duration": 93,
    "pid": 63556,
    "index": 37
  },
  {
    "name": "Require(33) node_modules/_egg-socket.io@4.1.6@egg-socket.io/app/extend/application.js",
    "start": 1639387666532,
    "end": 1639387666659,
    "duration": 127,
    "pid": 63556,
    "index": 38
  },
  {
    "name": "Require(34) app/extend/application.js",
    "start": 1639387666661,
    "end": 1639387666696,
    "duration": 35,
    "pid": 63556,
    "index": 39
  },
  {
    "name": "Load extend/request.js",
    "start": 1639387666707,
    "end": 1639387666745,
    "duration": 38,
    "pid": 63556,
    "index": 40
  },
  {
    "name": "Require(35) node_modules/_egg@2.33.0@egg/app/extend/request.js",
    "start": 1639387666719,
    "end": 1639387666732,
    "duration": 13,
    "pid": 63556,
    "index": 41
  },
  {
    "name": "Load extend/response.js",
    "start": 1639387666745,
    "end": 1639387666778,
    "duration": 33,
    "pid": 63556,
    "index": 42
  },
  {
    "name": "Require(36) node_modules/_egg@2.33.0@egg/app/extend/response.js",
    "start": 1639387666758,
    "end": 1639387666763,
    "duration": 5,
    "pid": 63556,
    "index": 43
  },
  {
    "name": "Load extend/context.js",
    "start": 1639387666778,
    "end": 1639387666983,
    "duration": 205,
    "pid": 63556,
    "index": 44
  },
  {
    "name": "Require(37) node_modules/_egg-security@2.9.0@egg-security/app/extend/context.js",
    "start": 1639387666779,
    "end": 1639387666816,
    "duration": 37,
    "pid": 63556,
    "index": 45
  },
  {
    "name": "Require(38) node_modules/_egg-jsonp@2.0.0@egg-jsonp/app/extend/context.js",
    "start": 1639387666819,
    "end": 1639387666823,
    "duration": 4,
    "pid": 63556,
    "index": 46
  },
  {
    "name": "Require(39) node_modules/_egg-i18n@2.1.1@egg-i18n/app/extend/context.js",
    "start": 1639387666825,
    "end": 1639387666826,
    "duration": 1,
    "pid": 63556,
    "index": 47
  },
  {
    "name": "Require(40) node_modules/_egg-multipart@2.13.1@egg-multipart/app/extend/context.js",
    "start": 1639387666828,
    "end": 1639387666952,
    "duration": 124,
    "pid": 63556,
    "index": 48
  },
  {
    "name": "Require(41) node_modules/_egg-view@2.1.3@egg-view/app/extend/context.js",
    "start": 1639387666954,
    "end": 1639387666956,
    "duration": 2,
    "pid": 63556,
    "index": 49
  },
  {
    "name": "Require(42) node_modules/_egg-validate@2.0.2@egg-validate/app/extend/context.js",
    "start": 1639387666959,
    "end": 1639387666960,
    "duration": 1,
    "pid": 63556,
    "index": 50
  },
  {
    "name": "Require(43) node_modules/_egg-passport@2.1.1@egg-passport/app/extend/context.js",
    "start": 1639387666962,
    "end": 1639387666963,
    "duration": 1,
    "pid": 63556,
    "index": 51
  },
  {
    "name": "Require(44) node_modules/_egg@2.33.0@egg/app/extend/context.js",
    "start": 1639387666964,
    "end": 1639387666968,
    "duration": 4,
    "pid": 63556,
    "index": 52
  },
  {
    "name": "Require(45) app/extend/context.js",
    "start": 1639387666969,
    "end": 1639387666969,
    "duration": 0,
    "pid": 63556,
    "index": 53
  },
  {
    "name": "Load extend/helper.js",
    "start": 1639387666983,
    "end": 1639387667046,
    "duration": 63,
    "pid": 63556,
    "index": 54
  },
  {
    "name": "Require(46) node_modules/_egg-security@2.9.0@egg-security/app/extend/helper.js",
    "start": 1639387666985,
    "end": 1639387667024,
    "duration": 39,
    "pid": 63556,
    "index": 55
  },
  {
    "name": "Require(47) node_modules/_egg@2.33.0@egg/app/extend/helper.js",
    "start": 1639387667032,
    "end": 1639387667032,
    "duration": 0,
    "pid": 63556,
    "index": 56
  },
  {
    "name": "Require(48) app/extend/helper.js",
    "start": 1639387667033,
    "end": 1639387667035,
    "duration": 2,
    "pid": 63556,
    "index": 57
  },
  {
    "name": "Load app.js",
    "start": 1639387667046,
    "end": 1639387667288,
    "duration": 242,
    "pid": 63556,
    "index": 58
  },
  {
    "name": "Require(49) node_modules/_egg-session@3.3.0@egg-session/app.js",
    "start": 1639387667046,
    "end": 1639387667047,
    "duration": 1,
    "pid": 63556,
    "index": 59
  },
  {
    "name": "Require(50) node_modules/_egg-security@2.9.0@egg-security/app.js",
    "start": 1639387667047,
    "end": 1639387667052,
    "duration": 5,
    "pid": 63556,
    "index": 60
  },
  {
    "name": "Require(51) node_modules/_egg-onerror@2.1.0@egg-onerror/app.js",
    "start": 1639387667055,
    "end": 1639387667085,
    "duration": 30,
    "pid": 63556,
    "index": 61
  },
  {
    "name": "Require(52) node_modules/_egg-i18n@2.1.1@egg-i18n/app.js",
    "start": 1639387667086,
    "end": 1639387667104,
    "duration": 18,
    "pid": 63556,
    "index": 62
  },
  {
    "name": "Require(53) node_modules/_egg-watcher@3.1.1@egg-watcher/app.js",
    "start": 1639387667104,
    "end": 1639387667112,
    "duration": 8,
    "pid": 63556,
    "index": 63
  },
  {
    "name": "Require(54) node_modules/_egg-schedule@3.6.6@egg-schedule/app.js",
    "start": 1639387667113,
    "end": 1639387667117,
    "duration": 4,
    "pid": 63556,
    "index": 64
  },
  {
    "name": "Require(55) node_modules/_egg-multipart@2.13.1@egg-multipart/app.js",
    "start": 1639387667119,
    "end": 1639387667119,
    "duration": 0,
    "pid": 63556,
    "index": 65
  },
  {
    "name": "Require(56) node_modules/_egg-development@2.7.0@egg-development/app.js",
    "start": 1639387667120,
    "end": 1639387667121,
    "duration": 1,
    "pid": 63556,
    "index": 66
  },
  {
    "name": "Require(57) node_modules/_egg-logrotator@3.1.0@egg-logrotator/app.js",
    "start": 1639387667121,
    "end": 1639387667124,
    "duration": 3,
    "pid": 63556,
    "index": 67
  },
  {
    "name": "Require(58) node_modules/_egg-static@2.2.0@egg-static/app.js",
    "start": 1639387667124,
    "end": 1639387667125,
    "duration": 1,
    "pid": 63556,
    "index": 68
  },
  {
    "name": "Require(59) node_modules/_egg-mysql@3.0.0@egg-mysql/app.js",
    "start": 1639387667126,
    "end": 1639387667163,
    "duration": 37,
    "pid": 63556,
    "index": 69
  },
  {
    "name": "Require(60) node_modules/_egg-sequelize@5.2.2@egg-sequelize/app.js",
    "start": 1639387667163,
    "end": 1639387667164,
    "duration": 1,
    "pid": 63556,
    "index": 70
  },
  {
    "name": "Require(61) node_modules/_egg-redis@2.4.0@egg-redis/app.js",
    "start": 1639387667165,
    "end": 1639387667171,
    "duration": 6,
    "pid": 63556,
    "index": 71
  },
  {
    "name": "Require(62) node_modules/_egg-session-redis@2.1.0@egg-session-redis/app.js",
    "start": 1639387667171,
    "end": 1639387667172,
    "duration": 1,
    "pid": 63556,
    "index": 72
  },
  {
    "name": "Require(63) node_modules/_egg-validate@2.0.2@egg-validate/app.js",
    "start": 1639387667172,
    "end": 1639387667176,
    "duration": 4,
    "pid": 63556,
    "index": 73
  },
  {
    "name": "Require(64) node_modules/_egg-jwt@3.1.7@egg-jwt/app.js",
    "start": 1639387667177,
    "end": 1639387667177,
    "duration": 0,
    "pid": 63556,
    "index": 74
  },
  {
    "name": "Require(65) node_modules/_egg-passport@2.1.1@egg-passport/app.js",
    "start": 1639387667178,
    "end": 1639387667210,
    "duration": 32,
    "pid": 63556,
    "index": 75
  },
  {
    "name": "Require(66) node_modules/_egg-socket.io@4.1.6@egg-socket.io/app.js",
    "start": 1639387667211,
    "end": 1639387667285,
    "duration": 74,
    "pid": 63556,
    "index": 76
  },
  {
    "name": "Require(67) node_modules/_egg-cors@2.2.3@egg-cors/app.js",
    "start": 1639387667286,
    "end": 1639387667286,
    "duration": 0,
    "pid": 63556,
    "index": 77
  },
  {
    "name": "Require(68) app.js",
    "start": 1639387667287,
    "end": 1639387667288,
    "duration": 1,
    "pid": 63556,
    "index": 78
  },
  {
    "name": "Before Start in node_modules/_egg-watcher@3.1.1@egg-watcher/lib/init.js:15:14",
    "start": 1639387667306,
    "end": 1639387668750,
    "duration": 1444,
    "pid": 63556,
    "index": 79
  },
  {
    "name": "Before Start in node_modules/_egg-mysql@3.0.0@egg-mysql/lib/mysql.js:20:7",
    "start": 1639387667485,
    "end": 1639387668753,
    "duration": 1268,
    "pid": 63556,
    "index": 80
  },
  {
    "name": "Load \"Symbol(model)\" to Application",
    "start": 1639387668067,
    "end": 1639387668128,
    "duration": 61,
    "pid": 63556,
    "index": 81
  },
  {
    "name": "Before Start in node_modules/_egg-sequelize@5.2.2@egg-sequelize/lib/loader.js:39:7",
    "start": 1639387668128,
    "end": 1639387668784,
    "duration": 656,
    "pid": 63556,
    "index": 82
  },
  {
    "name": "Before Start in node_modules/_egg-redis@2.4.0@egg-redis/lib/redis.js:53:7",
    "start": 1639387668222,
    "end": 1639387668222,
    "duration": 0,
    "pid": 63556,
    "index": 83
  },
  {
    "name": "Before Start in node_modules/_egg-redis@2.4.0@egg-redis/lib/redis.js:53:7",
    "start": 1639387668222,
    "end": 1639387668223,
    "duration": 1,
    "pid": 63556,
    "index": 84
  },
  {
    "name": "Before Start in node_modules/_egg-redis@2.4.0@egg-redis/lib/redis.js:53:7",
    "start": 1639387668223,
    "end": 1639387668669,
    "duration": 446,
    "pid": 63556,
    "index": 85
  },
  {
    "name": "Load Controller",
    "start": 1639387668251,
    "end": 1639387668548,
    "duration": 297,
    "pid": 63556,
    "index": 86
  },
  {
    "name": "Load \"controller\" to Application",
    "start": 1639387668251,
    "end": 1639387668548,
    "duration": 297,
    "pid": 63556,
    "index": 87
  },
  {
    "name": "Before Start in node_modules/_egg-socket.io@4.1.6@egg-socket.io/lib/io.js:26:7",
    "start": 1639387668271,
    "end": 1639387668624,
    "duration": 353,
    "pid": 63556,
    "index": 88
  },
  {
    "name": "Before Start in app.js:4:7",
    "start": 1639387668271,
    "end": 1639387668624,
    "duration": 353,
    "pid": 63556,
    "index": 89
  },
  {
    "name": "Load Service",
    "start": 1639387668272,
    "end": 1639387668313,
    "duration": 41,
    "pid": 63556,
    "index": 90
  },
  {
    "name": "Load \"service\" to Context",
    "start": 1639387668272,
    "end": 1639387668313,
    "duration": 41,
    "pid": 63556,
    "index": 91
  },
  {
    "name": "Load Middleware",
    "start": 1639387668313,
    "end": 1639387668548,
    "duration": 235,
    "pid": 63556,
    "index": 92
  },
  {
    "name": "Load \"middlewares\" to Application",
    "start": 1639387668313,
    "end": 1639387668522,
    "duration": 209,
    "pid": 63556,
    "index": 93
  },
  {
    "name": "Load Controller",
    "start": 1639387668548,
    "end": 1639387668575,
    "duration": 27,
    "pid": 63556,
    "index": 94
  },
  {
    "name": "Load \"controller\" to Application",
    "start": 1639387668548,
    "end": 1639387668575,
    "duration": 27,
    "pid": 63556,
    "index": 95
  },
  {
    "name": "Load Router",
    "start": 1639387668575,
    "end": 1639387668580,
    "duration": 5,
    "pid": 63556,
    "index": 96
  },
  {
    "name": "Require(69) app/router.js",
    "start": 1639387668576,
    "end": 1639387668577,
    "duration": 1,
    "pid": 63556,
    "index": 97
  },
  {
    "name": "Before Start in node_modules/_egg-core@4.21.0@egg-core/lib/egg.js:303:10",
    "start": 1639387668577,
    "end": 1639387668624,
    "duration": 47,
    "pid": 63556,
    "index": 98
  }
]