[
  {
    "name": "Process Start",
    "start": 1639387018039,
    "end": 1639387020592,
    "duration": 2553,
    "pid": 62864,
    "index": 0
  },
  {
    "name": "Application Start",
    "start": 1639387020593,
    "end": 1639387023144,
    "duration": 2551,
    "pid": 62864,
    "index": 1
  },
  {
    "name": "Load Plugin",
    "start": 1639387020609,
    "end": 1639387020693,
    "duration": 84,
    "pid": 62864,
    "index": 2
  },
  {
    "name": "Load Config",
    "start": 1639387020694,
    "end": 1639387020804,
    "duration": 110,
    "pid": 62864,
    "index": 3
  },
  {
    "name": "Require(0) config/config.default.js",
    "start": 1639387020695,
    "end": 1639387020710,
    "duration": 15,
    "pid": 62864,
    "index": 4
  },
  {
    "name": "Require(1) node_modules/_egg-session@3.3.0@egg-session/config/config.default.js",
    "start": 1639387020715,
    "end": 1639387020716,
    "duration": 1,
    "pid": 62864,
    "index": 5
  },
  {
    "name": "Require(2) node_modules/_egg-security@2.9.0@egg-security/config/config.default.js",
    "start": 1639387020717,
    "end": 1639387020718,
    "duration": 1,
    "pid": 62864,
    "index": 6
  },
  {
    "name": "Require(3) node_modules/_egg-jsonp@2.0.0@egg-jsonp/config/config.default.js",
    "start": 1639387020719,
    "end": 1639387020720,
    "duration": 1,
    "pid": 62864,
    "index": 7
  },
  {
    "name": "Require(4) node_modules/_egg-onerror@2.1.0@egg-onerror/config/config.default.js",
    "start": 1639387020721,
    "end": 1639387020722,
    "duration": 1,
    "pid": 62864,
    "index": 8
  },
  {
    "name": "Require(5) node_modules/_egg-i18n@2.1.1@egg-i18n/config/config.default.js",
    "start": 1639387020723,
    "end": 1639387020723,
    "duration": 0,
    "pid": 62864,
    "index": 9
  },
  {
    "name": "Require(6) node_modules/_egg-watcher@3.1.1@egg-watcher/config/config.default.js",
    "start": 1639387020724,
    "end": 1639387020725,
    "duration": 1,
    "pid": 62864,
    "index": 10
  },
  {
    "name": "Require(7) node_modules/_egg-schedule@3.6.6@egg-schedule/config/config.default.js",
    "start": 1639387020726,
    "end": 1639387020727,
    "duration": 1,
    "pid": 62864,
    "index": 11
  },
  {
    "name": "Require(8) node_modules/_egg-multipart@2.13.1@egg-multipart/config/config.default.js",
    "start": 1639387020728,
    "end": 1639387020734,
    "duration": 6,
    "pid": 62864,
    "index": 12
  },
  {
    "name": "Require(9) node_modules/_egg-development@2.7.0@egg-development/config/config.default.js",
    "start": 1639387020736,
    "end": 1639387020737,
    "duration": 1,
    "pid": 62864,
    "index": 13
  },
  {
    "name": "Require(10) node_modules/_egg-logrotator@3.1.0@egg-logrotator/config/config.default.js",
    "start": 1639387020738,
    "end": 1639387020740,
    "duration": 2,
    "pid": 62864,
    "index": 14
  },
  {
    "name": "Require(11) node_modules/_egg-static@2.2.0@egg-static/config/config.default.js",
    "start": 1639387020742,
    "end": 1639387020756,
    "duration": 14,
    "pid": 62864,
    "index": 15
  },
  {
    "name": "Require(12) node_modules/_egg-view@2.1.3@egg-view/config/config.default.js",
    "start": 1639387020761,
    "end": 1639387020763,
    "duration": 2,
    "pid": 62864,
    "index": 16
  },
  {
    "name": "Require(13) node_modules/_egg-mysql@3.0.0@egg-mysql/config/config.default.js",
    "start": 1639387020765,
    "end": 1639387020766,
    "duration": 1,
    "pid": 62864,
    "index": 17
  },
  {
    "name": "Require(14) node_modules/_egg-sequelize@5.2.2@egg-sequelize/config/config.default.js",
    "start": 1639387020767,
    "end": 1639387020768,
    "duration": 1,
    "pid": 62864,
    "index": 18
  },
  {
    "name": "Require(15) node_modules/_egg-redis@2.4.0@egg-redis/config/config.default.js",
    "start": 1639387020769,
    "end": 1639387020770,
    "duration": 1,
    "pid": 62864,
    "index": 19
  },
  {
    "name": "Require(16) node_modules/_egg-session-redis@2.1.0@egg-session-redis/config/config.default.js",
    "start": 1639387020776,
    "end": 1639387020778,
    "duration": 2,
    "pid": 62864,
    "index": 20
  },
  {
    "name": "Require(17) node_modules/_egg-validate@2.0.2@egg-validate/config/config.default.js",
    "start": 1639387020779,
    "end": 1639387020780,
    "duration": 1,
    "pid": 62864,
    "index": 21
  },
  {
    "name": "Require(18) node_modules/_egg-jwt@3.1.7@egg-jwt/config/config.default.js",
    "start": 1639387020781,
    "end": 1639387020782,
    "duration": 1,
    "pid": 62864,
    "index": 22
  },
  {
    "name": "Require(19) node_modules/_egg-socket.io@4.1.6@egg-socket.io/config/config.default.js",
    "start": 1639387020783,
    "end": 1639387020784,
    "duration": 1,
    "pid": 62864,
    "index": 23
  },
  {
    "name": "Require(20) node_modules/_egg-cors@2.2.3@egg-cors/config/config.default.js",
    "start": 1639387020784,
    "end": 1639387020785,
    "duration": 1,
    "pid": 62864,
    "index": 24
  },
  {
    "name": "Require(21) node_modules/_egg@2.33.0@egg/config/config.default.js",
    "start": 1639387020786,
    "end": 1639387020786,
    "duration": 0,
    "pid": 62864,
    "index": 25
  },
  {
    "name": "Require(22) config/config.default.js",
    "start": 1639387020788,
    "end": 1639387020788,
    "duration": 0,
    "pid": 62864,
    "index": 26
  },
  {
    "name": "Require(23) node_modules/_egg-security@2.9.0@egg-security/config/config.local.js",
    "start": 1639387020791,
    "end": 1639387020792,
    "duration": 1,
    "pid": 62864,
    "index": 27
  },
  {
    "name": "Require(24) node_modules/_egg-watcher@3.1.1@egg-watcher/config/config.local.js",
    "start": 1639387020795,
    "end": 1639387020795,
    "duration": 0,
    "pid": 62864,
    "index": 28
  },
  {
    "name": "Require(25) node_modules/_egg-view@2.1.3@egg-view/config/config.local.js",
    "start": 1639387020799,
    "end": 1639387020799,
    "duration": 0,
    "pid": 62864,
    "index": 29
  },
  {
    "name": "Require(26) node_modules/_egg@2.33.0@egg/config/config.local.js",
    "start": 1639387020804,
    "end": 1639387020804,
    "duration": 0,
    "pid": 62864,
    "index": 30
  },
  {
    "name": "Load extend/application.js",
    "start": 1639387020806,
    "end": 1639387021097,
    "duration": 291,
    "pid": 62864,
    "index": 31
  },
  {
    "name": "Require(27) node_modules/_egg-session@3.3.0@egg-session/app/extend/application.js",
    "start": 1639387020808,
    "end": 1639387020810,
    "duration": 2,
    "pid": 62864,
    "index": 32
  },
  {
    "name": "Require(28) node_modules/_egg-security@2.9.0@egg-security/app/extend/application.js",
    "start": 1639387020810,
    "end": 1639387020813,
    "duration": 3,
    "pid": 62864,
    "index": 33
  },
  {
    "name": "Require(29) node_modules/_egg-jsonp@2.0.0@egg-jsonp/app/extend/application.js",
    "start": 1639387020814,
    "end": 1639387020817,
    "duration": 3,
    "pid": 62864,
    "index": 34
  },
  {
    "name": "Require(30) node_modules/_egg-logrotator@3.1.0@egg-logrotator/app/extend/application.js",
    "start": 1639387020824,
    "end": 1639387020829,
    "duration": 5,
    "pid": 62864,
    "index": 35
  },
  {
    "name": "Require(31) node_modules/_egg-view@2.1.3@egg-view/app/extend/application.js",
    "start": 1639387020830,
    "end": 1639387020833,
    "duration": 3,
    "pid": 62864,
    "index": 36
  },
  {
    "name": "Require(32) node_modules/_egg-jwt@3.1.7@egg-jwt/app/extend/application.js",
    "start": 1639387020836,
    "end": 1639387020943,
    "duration": 107,
    "pid": 62864,
    "index": 37
  },
  {
    "name": "Require(33) node_modules/_egg-socket.io@4.1.6@egg-socket.io/app/extend/application.js",
    "start": 1639387020944,
    "end": 1639387021064,
    "duration": 120,
    "pid": 62864,
    "index": 38
  },
  {
    "name": "Require(34) app/extend/application.js",
    "start": 1639387021066,
    "end": 1639387021087,
    "duration": 21,
    "pid": 62864,
    "index": 39
  },
  {
    "name": "Load extend/request.js",
    "start": 1639387021097,
    "end": 1639387021119,
    "duration": 22,
    "pid": 62864,
    "index": 40
  },
  {
    "name": "Require(35) node_modules/_egg@2.33.0@egg/app/extend/request.js",
    "start": 1639387021106,
    "end": 1639387021110,
    "duration": 4,
    "pid": 62864,
    "index": 41
  },
  {
    "name": "Load extend/response.js",
    "start": 1639387021119,
    "end": 1639387021145,
    "duration": 26,
    "pid": 62864,
    "index": 42
  },
  {
    "name": "Require(36) node_modules/_egg@2.33.0@egg/app/extend/response.js",
    "start": 1639387021129,
    "end": 1639387021134,
    "duration": 5,
    "pid": 62864,
    "index": 43
  },
  {
    "name": "Load extend/context.js",
    "start": 1639387021145,
    "end": 1639387021303,
    "duration": 158,
    "pid": 62864,
    "index": 44
  },
  {
    "name": "Require(37) node_modules/_egg-security@2.9.0@egg-security/app/extend/context.js",
    "start": 1639387021146,
    "end": 1639387021173,
    "duration": 27,
    "pid": 62864,
    "index": 45
  },
  {
    "name": "Require(38) node_modules/_egg-jsonp@2.0.0@egg-jsonp/app/extend/context.js",
    "start": 1639387021174,
    "end": 1639387021176,
    "duration": 2,
    "pid": 62864,
    "index": 46
  },
  {
    "name": "Require(39) node_modules/_egg-i18n@2.1.1@egg-i18n/app/extend/context.js",
    "start": 1639387021178,
    "end": 1639387021178,
    "duration": 0,
    "pid": 62864,
    "index": 47
  },
  {
    "name": "Require(40) node_modules/_egg-multipart@2.13.1@egg-multipart/app/extend/context.js",
    "start": 1639387021179,
    "end": 1639387021274,
    "duration": 95,
    "pid": 62864,
    "index": 48
  },
  {
    "name": "Require(41) node_modules/_egg-view@2.1.3@egg-view/app/extend/context.js",
    "start": 1639387021276,
    "end": 1639387021277,
    "duration": 1,
    "pid": 62864,
    "index": 49
  },
  {
    "name": "Require(42) node_modules/_egg-validate@2.0.2@egg-validate/app/extend/context.js",
    "start": 1639387021280,
    "end": 1639387021282,
    "duration": 2,
    "pid": 62864,
    "index": 50
  },
  {
    "name": "Require(43) node_modules/_egg-passport@2.1.1@egg-passport/app/extend/context.js",
    "start": 1639387021284,
    "end": 1639387021285,
    "duration": 1,
    "pid": 62864,
    "index": 51
  },
  {
    "name": "Require(44) node_modules/_egg@2.33.0@egg/app/extend/context.js",
    "start": 1639387021287,
    "end": 1639387021290,
    "duration": 3,
    "pid": 62864,
    "index": 52
  },
  {
    "name": "Require(45) app/extend/context.js",
    "start": 1639387021291,
    "end": 1639387021291,
    "duration": 0,
    "pid": 62864,
    "index": 53
  },
  {
    "name": "Load extend/helper.js",
    "start": 1639387021304,
    "end": 1639387021389,
    "duration": 85,
    "pid": 62864,
    "index": 54
  },
  {
    "name": "Require(46) node_modules/_egg-security@2.9.0@egg-security/app/extend/helper.js",
    "start": 1639387021305,
    "end": 1639387021342,
    "duration": 37,
    "pid": 62864,
    "index": 55
  },
  {
    "name": "Require(47) node_modules/_egg@2.33.0@egg/app/extend/helper.js",
    "start": 1639387021373,
    "end": 1639387021374,
    "duration": 1,
    "pid": 62864,
    "index": 56
  },
  {
    "name": "Require(48) app/extend/helper.js",
    "start": 1639387021375,
    "end": 1639387021378,
    "duration": 3,
    "pid": 62864,
    "index": 57
  },
  {
    "name": "Load app.js",
    "start": 1639387021389,
    "end": 1639387021654,
    "duration": 265,
    "pid": 62864,
    "index": 58
  },
  {
    "name": "Require(49) node_modules/_egg-session@3.3.0@egg-session/app.js",
    "start": 1639387021390,
    "end": 1639387021391,
    "duration": 1,
    "pid": 62864,
    "index": 59
  },
  {
    "name": "Require(50) node_modules/_egg-security@2.9.0@egg-security/app.js",
    "start": 1639387021392,
    "end": 1639387021396,
    "duration": 4,
    "pid": 62864,
    "index": 60
  },
  {
    "name": "Require(51) node_modules/_egg-onerror@2.1.0@egg-onerror/app.js",
    "start": 1639387021398,
    "end": 1639387021427,
    "duration": 29,
    "pid": 62864,
    "index": 61
  },
  {
    "name": "Require(52) node_modules/_egg-i18n@2.1.1@egg-i18n/app.js",
    "start": 1639387021428,
    "end": 1639387021447,
    "duration": 19,
    "pid": 62864,
    "index": 62
  },
  {
    "name": "Require(53) node_modules/_egg-watcher@3.1.1@egg-watcher/app.js",
    "start": 1639387021448,
    "end": 1639387021457,
    "duration": 9,
    "pid": 62864,
    "index": 63
  },
  {
    "name": "Require(54) node_modules/_egg-schedule@3.6.6@egg-schedule/app.js",
    "start": 1639387021458,
    "end": 1639387021464,
    "duration": 6,
    "pid": 62864,
    "index": 64
  },
  {
    "name": "Require(55) node_modules/_egg-multipart@2.13.1@egg-multipart/app.js",
    "start": 1639387021464,
    "end": 1639387021467,
    "duration": 3,
    "pid": 62864,
    "index": 65
  },
  {
    "name": "Require(56) node_modules/_egg-development@2.7.0@egg-development/app.js",
    "start": 1639387021467,
    "end": 1639387021468,
    "duration": 1,
    "pid": 62864,
    "index": 66
  },
  {
    "name": "Require(57) node_modules/_egg-logrotator@3.1.0@egg-logrotator/app.js",
    "start": 1639387021469,
    "end": 1639387021470,
    "duration": 1,
    "pid": 62864,
    "index": 67
  },
  {
    "name": "Require(58) node_modules/_egg-static@2.2.0@egg-static/app.js",
    "start": 1639387021471,
    "end": 1639387021472,
    "duration": 1,
    "pid": 62864,
    "index": 68
  },
  {
    "name": "Require(59) node_modules/_egg-mysql@3.0.0@egg-mysql/app.js",
    "start": 1639387021474,
    "end": 1639387021504,
    "duration": 30,
    "pid": 62864,
    "index": 69
  },
  {
    "name": "Require(60) node_modules/_egg-sequelize@5.2.2@egg-sequelize/app.js",
    "start": 1639387021505,
    "end": 1639387021505,
    "duration": 0,
    "pid": 62864,
    "index": 70
  },
  {
    "name": "Require(61) node_modules/_egg-redis@2.4.0@egg-redis/app.js",
    "start": 1639387021506,
    "end": 1639387021509,
    "duration": 3,
    "pid": 62864,
    "index": 71
  },
  {
    "name": "Require(62) node_modules/_egg-session-redis@2.1.0@egg-session-redis/app.js",
    "start": 1639387021510,
    "end": 1639387021510,
    "duration": 0,
    "pid": 62864,
    "index": 72
  },
  {
    "name": "Require(63) node_modules/_egg-validate@2.0.2@egg-validate/app.js",
    "start": 1639387021511,
    "end": 1639387021515,
    "duration": 4,
    "pid": 62864,
    "index": 73
  },
  {
    "name": "Require(64) node_modules/_egg-jwt@3.1.7@egg-jwt/app.js",
    "start": 1639387021516,
    "end": 1639387021516,
    "duration": 0,
    "pid": 62864,
    "index": 74
  },
  {
    "name": "Require(65) node_modules/_egg-passport@2.1.1@egg-passport/app.js",
    "start": 1639387021517,
    "end": 1639387021554,
    "duration": 37,
    "pid": 62864,
    "index": 75
  },
  {
    "name": "Require(66) node_modules/_egg-socket.io@4.1.6@egg-socket.io/app.js",
    "start": 1639387021554,
    "end": 1639387021649,
    "duration": 95,
    "pid": 62864,
    "index": 76
  },
  {
    "name": "Require(67) node_modules/_egg-cors@2.2.3@egg-cors/app.js",
    "start": 1639387021650,
    "end": 1639387021651,
    "duration": 1,
    "pid": 62864,
    "index": 77
  },
  {
    "name": "Require(68) app.js",
    "start": 1639387021653,
    "end": 1639387021654,
    "duration": 1,
    "pid": 62864,
    "index": 78
  },
  {
    "name": "Before Start in node_modules/_egg-watcher@3.1.1@egg-watcher/lib/init.js:15:14",
    "start": 1639387021673,
    "end": 1639387023123,
    "duration": 1450,
    "pid": 62864,
    "index": 79
  },
  {
    "name": "Before Start in node_modules/_egg-mysql@3.0.0@egg-mysql/lib/mysql.js:20:7",
    "start": 1639387021840,
    "end": 1639387023121,
    "duration": 1281,
    "pid": 62864,
    "index": 80
  },
  {
    "name": "Load \"Symbol(model)\" to Application",
    "start": 1639387022427,
    "end": 1639387022482,
    "duration": 55,
    "pid": 62864,
    "index": 81
  },
  {
    "name": "Before Start in node_modules/_egg-sequelize@5.2.2@egg-sequelize/lib/loader.js:39:7",
    "start": 1639387022482,
    "end": 1639387023144,
    "duration": 662,
    "pid": 62864,
    "index": 82
  },
  {
    "name": "Before Start in node_modules/_egg-redis@2.4.0@egg-redis/lib/redis.js:53:7",
    "start": 1639387022582,
    "end": 1639387022582,
    "duration": 0,
    "pid": 62864,
    "index": 83
  },
  {
    "name": "Before Start in node_modules/_egg-redis@2.4.0@egg-redis/lib/redis.js:53:7",
    "start": 1639387022582,
    "end": 1639387022583,
    "duration": 1,
    "pid": 62864,
    "index": 84
  },
  {
    "name": "Before Start in node_modules/_egg-redis@2.4.0@egg-redis/lib/redis.js:53:7",
    "start": 1639387022583,
    "end": 1639387023093,
    "duration": 510,
    "pid": 62864,
    "index": 85
  },
  {
    "name": "Load Controller",
    "start": 1639387022607,
    "end": 1639387022972,
    "duration": 365,
    "pid": 62864,
    "index": 86
  },
  {
    "name": "Load \"controller\" to Application",
    "start": 1639387022607,
    "end": 1639387022972,
    "duration": 365,
    "pid": 62864,
    "index": 87
  },
  {
    "name": "Before Start in node_modules/_egg-socket.io@4.1.6@egg-socket.io/lib/io.js:26:7",
    "start": 1639387022630,
    "end": 1639387023057,
    "duration": 427,
    "pid": 62864,
    "index": 88
  },
  {
    "name": "Before Start in app.js:4:7",
    "start": 1639387022630,
    "end": 1639387023057,
    "duration": 427,
    "pid": 62864,
    "index": 89
  },
  {
    "name": "Load Service",
    "start": 1639387022630,
    "end": 1639387022681,
    "duration": 51,
    "pid": 62864,
    "index": 90
  },
  {
    "name": "Load \"service\" to Context",
    "start": 1639387022630,
    "end": 1639387022681,
    "duration": 51,
    "pid": 62864,
    "index": 91
  },
  {
    "name": "Load Middleware",
    "start": 1639387022682,
    "end": 1639387022972,
    "duration": 290,
    "pid": 62864,
    "index": 92
  },
  {
    "name": "Load \"middlewares\" to Application",
    "start": 1639387022682,
    "end": 1639387022941,
    "duration": 259,
    "pid": 62864,
    "index": 93
  },
  {
    "name": "Load Controller",
    "start": 1639387022972,
    "end": 1639387023006,
    "duration": 34,
    "pid": 62864,
    "index": 94
  },
  {
    "name": "Load \"controller\" to Application",
    "start": 1639387022972,
    "end": 1639387023006,
    "duration": 34,
    "pid": 62864,
    "index": 95
  },
  {
    "name": "Load Router",
    "start": 1639387023006,
    "end": 1639387023012,
    "duration": 6,
    "pid": 62864,
    "index": 96
  },
  {
    "name": "Require(69) app/router.js",
    "start": 1639387023007,
    "end": 1639387023008,
    "duration": 1,
    "pid": 62864,
    "index": 97
  },
  {
    "name": "Before Start in node_modules/_egg-core@4.21.0@egg-core/lib/egg.js:303:10",
    "start": 1639387023009,
    "end": 1639387023057,
    "duration": 48,
    "pid": 62864,
    "index": 98
  }
]