[
  {
    "name": "Process Start",
    "start": 1639387281192,
    "end": 1639387282374,
    "duration": 1182,
    "pid": 64904,
    "index": 0
  },
  {
    "name": "Application Start",
    "start": 1639387282375,
    "end": 1639387284836,
    "duration": 2461,
    "pid": 64904,
    "index": 1
  },
  {
    "name": "Load Plugin",
    "start": 1639387282384,
    "end": 1639387282450,
    "duration": 66,
    "pid": 64904,
    "index": 2
  },
  {
    "name": "Load Config",
    "start": 1639387282450,
    "end": 1639387282527,
    "duration": 77,
    "pid": 64904,
    "index": 3
  },
  {
    "name": "Require(0) config/config.default.js",
    "start": 1639387282452,
    "end": 1639387282467,
    "duration": 15,
    "pid": 64904,
    "index": 4
  },
  {
    "name": "Require(1) node_modules/_egg-session@3.3.0@egg-session/config/config.default.js",
    "start": 1639387282470,
    "end": 1639387282471,
    "duration": 1,
    "pid": 64904,
    "index": 5
  },
  {
    "name": "Require(2) node_modules/_egg-security@2.9.0@egg-security/config/config.default.js",
    "start": 1639387282472,
    "end": 1639387282473,
    "duration": 1,
    "pid": 64904,
    "index": 6
  },
  {
    "name": "Require(3) node_modules/_egg-jsonp@2.0.0@egg-jsonp/config/config.default.js",
    "start": 1639387282475,
    "end": 1639387282475,
    "duration": 0,
    "pid": 64904,
    "index": 7
  },
  {
    "name": "Require(4) node_modules/_egg-onerror@2.1.0@egg-onerror/config/config.default.js",
    "start": 1639387282477,
    "end": 1639387282478,
    "duration": 1,
    "pid": 64904,
    "index": 8
  },
  {
    "name": "Require(5) node_modules/_egg-i18n@2.1.1@egg-i18n/config/config.default.js",
    "start": 1639387282478,
    "end": 1639387282479,
    "duration": 1,
    "pid": 64904,
    "index": 9
  },
  {
    "name": "Require(6) node_modules/_egg-watcher@3.1.1@egg-watcher/config/config.default.js",
    "start": 1639387282480,
    "end": 1639387282481,
    "duration": 1,
    "pid": 64904,
    "index": 10
  },
  {
    "name": "Require(7) node_modules/_egg-schedule@3.6.6@egg-schedule/config/config.default.js",
    "start": 1639387282482,
    "end": 1639387282482,
    "duration": 0,
    "pid": 64904,
    "index": 11
  },
  {
    "name": "Require(8) node_modules/_egg-multipart@2.13.1@egg-multipart/config/config.default.js",
    "start": 1639387282483,
    "end": 1639387282484,
    "duration": 1,
    "pid": 64904,
    "index": 12
  },
  {
    "name": "Require(9) node_modules/_egg-development@2.7.0@egg-development/config/config.default.js",
    "start": 1639387282485,
    "end": 1639387282486,
    "duration": 1,
    "pid": 64904,
    "index": 13
  },
  {
    "name": "Require(10) node_modules/_egg-logrotator@3.1.0@egg-logrotator/config/config.default.js",
    "start": 1639387282487,
    "end": 1639387282488,
    "duration": 1,
    "pid": 64904,
    "index": 14
  },
  {
    "name": "Require(11) node_modules/_egg-static@2.2.0@egg-static/config/config.default.js",
    "start": 1639387282489,
    "end": 1639387282490,
    "duration": 1,
    "pid": 64904,
    "index": 15
  },
  {
    "name": "Require(12) node_modules/_egg-view@2.1.3@egg-view/config/config.default.js",
    "start": 1639387282491,
    "end": 1639387282492,
    "duration": 1,
    "pid": 64904,
    "index": 16
  },
  {
    "name": "Require(13) node_modules/_egg-mysql@3.0.0@egg-mysql/config/config.default.js",
    "start": 1639387282493,
    "end": 1639387282494,
    "duration": 1,
    "pid": 64904,
    "index": 17
  },
  {
    "name": "Require(14) node_modules/_egg-sequelize@5.2.2@egg-sequelize/config/config.default.js",
    "start": 1639387282495,
    "end": 1639387282495,
    "duration": 0,
    "pid": 64904,
    "index": 18
  },
  {
    "name": "Require(15) node_modules/_egg-redis@2.4.0@egg-redis/config/config.default.js",
    "start": 1639387282496,
    "end": 1639387282497,
    "duration": 1,
    "pid": 64904,
    "index": 19
  },
  {
    "name": "Require(16) node_modules/_egg-session-redis@2.1.0@egg-session-redis/config/config.default.js",
    "start": 1639387282497,
    "end": 1639387282498,
    "duration": 1,
    "pid": 64904,
    "index": 20
  },
  {
    "name": "Require(17) node_modules/_egg-validate@2.0.2@egg-validate/config/config.default.js",
    "start": 1639387282499,
    "end": 1639387282500,
    "duration": 1,
    "pid": 64904,
    "index": 21
  },
  {
    "name": "Require(18) node_modules/_egg-jwt@3.1.7@egg-jwt/config/config.default.js",
    "start": 1639387282500,
    "end": 1639387282501,
    "duration": 1,
    "pid": 64904,
    "index": 22
  },
  {
    "name": "Require(19) node_modules/_egg-socket.io@4.1.6@egg-socket.io/config/config.default.js",
    "start": 1639387282502,
    "end": 1639387282504,
    "duration": 2,
    "pid": 64904,
    "index": 23
  },
  {
    "name": "Require(20) node_modules/_egg-cors@2.2.3@egg-cors/config/config.default.js",
    "start": 1639387282506,
    "end": 1639387282508,
    "duration": 2,
    "pid": 64904,
    "index": 24
  },
  {
    "name": "Require(21) node_modules/_egg@2.33.0@egg/config/config.default.js",
    "start": 1639387282508,
    "end": 1639387282509,
    "duration": 1,
    "pid": 64904,
    "index": 25
  },
  {
    "name": "Require(22) config/config.default.js",
    "start": 1639387282511,
    "end": 1639387282511,
    "duration": 0,
    "pid": 64904,
    "index": 26
  },
  {
    "name": "Require(23) node_modules/_egg-security@2.9.0@egg-security/config/config.local.js",
    "start": 1639387282513,
    "end": 1639387282513,
    "duration": 0,
    "pid": 64904,
    "index": 27
  },
  {
    "name": "Require(24) node_modules/_egg-watcher@3.1.1@egg-watcher/config/config.local.js",
    "start": 1639387282516,
    "end": 1639387282516,
    "duration": 0,
    "pid": 64904,
    "index": 28
  },
  {
    "name": "Require(25) node_modules/_egg-view@2.1.3@egg-view/config/config.local.js",
    "start": 1639387282519,
    "end": 1639387282520,
    "duration": 1,
    "pid": 64904,
    "index": 29
  },
  {
    "name": "Require(26) node_modules/_egg@2.33.0@egg/config/config.local.js",
    "start": 1639387282525,
    "end": 1639387282526,
    "duration": 1,
    "pid": 64904,
    "index": 30
  },
  {
    "name": "Load extend/application.js",
    "start": 1639387282528,
    "end": 1639387282771,
    "duration": 243,
    "pid": 64904,
    "index": 31
  },
  {
    "name": "Require(27) node_modules/_egg-session@3.3.0@egg-session/app/extend/application.js",
    "start": 1639387282530,
    "end": 1639387282531,
    "duration": 1,
    "pid": 64904,
    "index": 32
  },
  {
    "name": "Require(28) node_modules/_egg-security@2.9.0@egg-security/app/extend/application.js",
    "start": 1639387282532,
    "end": 1639387282534,
    "duration": 2,
    "pid": 64904,
    "index": 33
  },
  {
    "name": "Require(29) node_modules/_egg-jsonp@2.0.0@egg-jsonp/app/extend/application.js",
    "start": 1639387282534,
    "end": 1639387282539,
    "duration": 5,
    "pid": 64904,
    "index": 34
  },
  {
    "name": "Require(30) node_modules/_egg-logrotator@3.1.0@egg-logrotator/app/extend/application.js",
    "start": 1639387282543,
    "end": 1639387282548,
    "duration": 5,
    "pid": 64904,
    "index": 35
  },
  {
    "name": "Require(31) node_modules/_egg-view@2.1.3@egg-view/app/extend/application.js",
    "start": 1639387282550,
    "end": 1639387282554,
    "duration": 4,
    "pid": 64904,
    "index": 36
  },
  {
    "name": "Require(32) node_modules/_egg-jwt@3.1.7@egg-jwt/app/extend/application.js",
    "start": 1639387282557,
    "end": 1639387282645,
    "duration": 88,
    "pid": 64904,
    "index": 37
  },
  {
    "name": "Require(33) node_modules/_egg-socket.io@4.1.6@egg-socket.io/app/extend/application.js",
    "start": 1639387282646,
    "end": 1639387282736,
    "duration": 90,
    "pid": 64904,
    "index": 38
  },
  {
    "name": "Require(34) app/extend/application.js",
    "start": 1639387282737,
    "end": 1639387282758,
    "duration": 21,
    "pid": 64904,
    "index": 39
  },
  {
    "name": "Load extend/request.js",
    "start": 1639387282771,
    "end": 1639387282802,
    "duration": 31,
    "pid": 64904,
    "index": 40
  },
  {
    "name": "Require(35) node_modules/_egg@2.33.0@egg/app/extend/request.js",
    "start": 1639387282784,
    "end": 1639387282786,
    "duration": 2,
    "pid": 64904,
    "index": 41
  },
  {
    "name": "Load extend/response.js",
    "start": 1639387282802,
    "end": 1639387282833,
    "duration": 31,
    "pid": 64904,
    "index": 42
  },
  {
    "name": "Require(36) node_modules/_egg@2.33.0@egg/app/extend/response.js",
    "start": 1639387282815,
    "end": 1639387282820,
    "duration": 5,
    "pid": 64904,
    "index": 43
  },
  {
    "name": "Load extend/context.js",
    "start": 1639387282833,
    "end": 1639387283021,
    "duration": 188,
    "pid": 64904,
    "index": 44
  },
  {
    "name": "Require(37) node_modules/_egg-security@2.9.0@egg-security/app/extend/context.js",
    "start": 1639387282834,
    "end": 1639387282865,
    "duration": 31,
    "pid": 64904,
    "index": 45
  },
  {
    "name": "Require(38) node_modules/_egg-jsonp@2.0.0@egg-jsonp/app/extend/context.js",
    "start": 1639387282865,
    "end": 1639387282868,
    "duration": 3,
    "pid": 64904,
    "index": 46
  },
  {
    "name": "Require(39) node_modules/_egg-i18n@2.1.1@egg-i18n/app/extend/context.js",
    "start": 1639387282870,
    "end": 1639387282871,
    "duration": 1,
    "pid": 64904,
    "index": 47
  },
  {
    "name": "Require(40) node_modules/_egg-multipart@2.13.1@egg-multipart/app/extend/context.js",
    "start": 1639387282873,
    "end": 1639387282981,
    "duration": 108,
    "pid": 64904,
    "index": 48
  },
  {
    "name": "Require(41) node_modules/_egg-view@2.1.3@egg-view/app/extend/context.js",
    "start": 1639387282985,
    "end": 1639387282987,
    "duration": 2,
    "pid": 64904,
    "index": 49
  },
  {
    "name": "Require(42) node_modules/_egg-validate@2.0.2@egg-validate/app/extend/context.js",
    "start": 1639387282990,
    "end": 1639387282991,
    "duration": 1,
    "pid": 64904,
    "index": 50
  },
  {
    "name": "Require(43) node_modules/_egg-passport@2.1.1@egg-passport/app/extend/context.js",
    "start": 1639387282995,
    "end": 1639387282996,
    "duration": 1,
    "pid": 64904,
    "index": 51
  },
  {
    "name": "Require(44) node_modules/_egg@2.33.0@egg/app/extend/context.js",
    "start": 1639387282998,
    "end": 1639387283001,
    "duration": 3,
    "pid": 64904,
    "index": 52
  },
  {
    "name": "Require(45) app/extend/context.js",
    "start": 1639387283002,
    "end": 1639387283002,
    "duration": 0,
    "pid": 64904,
    "index": 53
  },
  {
    "name": "Load extend/helper.js",
    "start": 1639387283021,
    "end": 1639387283105,
    "duration": 84,
    "pid": 64904,
    "index": 54
  },
  {
    "name": "Require(46) node_modules/_egg-security@2.9.0@egg-security/app/extend/helper.js",
    "start": 1639387283022,
    "end": 1639387283071,
    "duration": 49,
    "pid": 64904,
    "index": 55
  },
  {
    "name": "Require(47) node_modules/_egg@2.33.0@egg/app/extend/helper.js",
    "start": 1639387283087,
    "end": 1639387283088,
    "duration": 1,
    "pid": 64904,
    "index": 56
  },
  {
    "name": "Require(48) app/extend/helper.js",
    "start": 1639387283088,
    "end": 1639387283090,
    "duration": 2,
    "pid": 64904,
    "index": 57
  },
  {
    "name": "Load app.js",
    "start": 1639387283105,
    "end": 1639387283397,
    "duration": 292,
    "pid": 64904,
    "index": 58
  },
  {
    "name": "Require(49) node_modules/_egg-session@3.3.0@egg-session/app.js",
    "start": 1639387283106,
    "end": 1639387283107,
    "duration": 1,
    "pid": 64904,
    "index": 59
  },
  {
    "name": "Require(50) node_modules/_egg-security@2.9.0@egg-security/app.js",
    "start": 1639387283107,
    "end": 1639387283116,
    "duration": 9,
    "pid": 64904,
    "index": 60
  },
  {
    "name": "Require(51) node_modules/_egg-onerror@2.1.0@egg-onerror/app.js",
    "start": 1639387283118,
    "end": 1639387283145,
    "duration": 27,
    "pid": 64904,
    "index": 61
  },
  {
    "name": "Require(52) node_modules/_egg-i18n@2.1.1@egg-i18n/app.js",
    "start": 1639387283146,
    "end": 1639387283166,
    "duration": 20,
    "pid": 64904,
    "index": 62
  },
  {
    "name": "Require(53) node_modules/_egg-watcher@3.1.1@egg-watcher/app.js",
    "start": 1639387283167,
    "end": 1639387283178,
    "duration": 11,
    "pid": 64904,
    "index": 63
  },
  {
    "name": "Require(54) node_modules/_egg-schedule@3.6.6@egg-schedule/app.js",
    "start": 1639387283179,
    "end": 1639387283184,
    "duration": 5,
    "pid": 64904,
    "index": 64
  },
  {
    "name": "Require(55) node_modules/_egg-multipart@2.13.1@egg-multipart/app.js",
    "start": 1639387283185,
    "end": 1639387283185,
    "duration": 0,
    "pid": 64904,
    "index": 65
  },
  {
    "name": "Require(56) node_modules/_egg-development@2.7.0@egg-development/app.js",
    "start": 1639387283186,
    "end": 1639387283186,
    "duration": 0,
    "pid": 64904,
    "index": 66
  },
  {
    "name": "Require(57) node_modules/_egg-logrotator@3.1.0@egg-logrotator/app.js",
    "start": 1639387283187,
    "end": 1639387283189,
    "duration": 2,
    "pid": 64904,
    "index": 67
  },
  {
    "name": "Require(58) node_modules/_egg-static@2.2.0@egg-static/app.js",
    "start": 1639387283190,
    "end": 1639387283191,
    "duration": 1,
    "pid": 64904,
    "index": 68
  },
  {
    "name": "Require(59) node_modules/_egg-mysql@3.0.0@egg-mysql/app.js",
    "start": 1639387283194,
    "end": 1639387283230,
    "duration": 36,
    "pid": 64904,
    "index": 69
  },
  {
    "name": "Require(60) node_modules/_egg-sequelize@5.2.2@egg-sequelize/app.js",
    "start": 1639387283231,
    "end": 1639387283231,
    "duration": 0,
    "pid": 64904,
    "index": 70
  },
  {
    "name": "Require(61) node_modules/_egg-redis@2.4.0@egg-redis/app.js",
    "start": 1639387283232,
    "end": 1639387283238,
    "duration": 6,
    "pid": 64904,
    "index": 71
  },
  {
    "name": "Require(62) node_modules/_egg-session-redis@2.1.0@egg-session-redis/app.js",
    "start": 1639387283239,
    "end": 1639387283239,
    "duration": 0,
    "pid": 64904,
    "index": 72
  },
  {
    "name": "Require(63) node_modules/_egg-validate@2.0.2@egg-validate/app.js",
    "start": 1639387283240,
    "end": 1639387283247,
    "duration": 7,
    "pid": 64904,
    "index": 73
  },
  {
    "name": "Require(64) node_modules/_egg-jwt@3.1.7@egg-jwt/app.js",
    "start": 1639387283248,
    "end": 1639387283249,
    "duration": 1,
    "pid": 64904,
    "index": 74
  },
  {
    "name": "Require(65) node_modules/_egg-passport@2.1.1@egg-passport/app.js",
    "start": 1639387283250,
    "end": 1639387283297,
    "duration": 47,
    "pid": 64904,
    "index": 75
  },
  {
    "name": "Require(66) node_modules/_egg-socket.io@4.1.6@egg-socket.io/app.js",
    "start": 1639387283297,
    "end": 1639387283393,
    "duration": 96,
    "pid": 64904,
    "index": 76
  },
  {
    "name": "Require(67) node_modules/_egg-cors@2.2.3@egg-cors/app.js",
    "start": 1639387283394,
    "end": 1639387283395,
    "duration": 1,
    "pid": 64904,
    "index": 77
  },
  {
    "name": "Require(68) app.js",
    "start": 1639387283397,
    "end": 1639387283397,
    "duration": 0,
    "pid": 64904,
    "index": 78
  },
  {
    "name": "Before Start in node_modules/_egg-watcher@3.1.1@egg-watcher/lib/init.js:15:14",
    "start": 1639387283414,
    "end": 1639387284803,
    "duration": 1389,
    "pid": 64904,
    "index": 79
  },
  {
    "name": "Before Start in node_modules/_egg-mysql@3.0.0@egg-mysql/lib/mysql.js:20:7",
    "start": 1639387283637,
    "end": 1639387284807,
    "duration": 1170,
    "pid": 64904,
    "index": 80
  },
  {
    "name": "Load \"Symbol(model)\" to Application",
    "start": 1639387284189,
    "end": 1639387284246,
    "duration": 57,
    "pid": 64904,
    "index": 81
  },
  {
    "name": "Before Start in node_modules/_egg-sequelize@5.2.2@egg-sequelize/lib/loader.js:39:7",
    "start": 1639387284246,
    "end": 1639387284836,
    "duration": 590,
    "pid": 64904,
    "index": 82
  },
  {
    "name": "Before Start in node_modules/_egg-redis@2.4.0@egg-redis/lib/redis.js:53:7",
    "start": 1639387284337,
    "end": 1639387284338,
    "duration": 1,
    "pid": 64904,
    "index": 83
  },
  {
    "name": "Before Start in node_modules/_egg-redis@2.4.0@egg-redis/lib/redis.js:53:7",
    "start": 1639387284338,
    "end": 1639387284338,
    "duration": 0,
    "pid": 64904,
    "index": 84
  },
  {
    "name": "Before Start in node_modules/_egg-redis@2.4.0@egg-redis/lib/redis.js:53:7",
    "start": 1639387284338,
    "end": 1639387284776,
    "duration": 438,
    "pid": 64904,
    "index": 85
  },
  {
    "name": "Load Controller",
    "start": 1639387284358,
    "end": 1639387284671,
    "duration": 313,
    "pid": 64904,
    "index": 86
  },
  {
    "name": "Load \"controller\" to Application",
    "start": 1639387284358,
    "end": 1639387284671,
    "duration": 313,
    "pid": 64904,
    "index": 87
  },
  {
    "name": "Before Start in node_modules/_egg-socket.io@4.1.6@egg-socket.io/lib/io.js:26:7",
    "start": 1639387284376,
    "end": 1639387284745,
    "duration": 369,
    "pid": 64904,
    "index": 88
  },
  {
    "name": "Before Start in app.js:4:7",
    "start": 1639387284377,
    "end": 1639387284745,
    "duration": 368,
    "pid": 64904,
    "index": 89
  },
  {
    "name": "Load Service",
    "start": 1639387284377,
    "end": 1639387284417,
    "duration": 40,
    "pid": 64904,
    "index": 90
  },
  {
    "name": "Load \"service\" to Context",
    "start": 1639387284377,
    "end": 1639387284417,
    "duration": 40,
    "pid": 64904,
    "index": 91
  },
  {
    "name": "Load Middleware",
    "start": 1639387284417,
    "end": 1639387284671,
    "duration": 254,
    "pid": 64904,
    "index": 92
  },
  {
    "name": "Load \"middlewares\" to Application",
    "start": 1639387284417,
    "end": 1639387284642,
    "duration": 225,
    "pid": 64904,
    "index": 93
  },
  {
    "name": "Load Controller",
    "start": 1639387284671,
    "end": 1639387284694,
    "duration": 23,
    "pid": 64904,
    "index": 94
  },
  {
    "name": "Load \"controller\" to Application",
    "start": 1639387284671,
    "end": 1639387284694,
    "duration": 23,
    "pid": 64904,
    "index": 95
  },
  {
    "name": "Load Router",
    "start": 1639387284695,
    "end": 1639387284699,
    "duration": 4,
    "pid": 64904,
    "index": 96
  },
  {
    "name": "Require(69) app/router.js",
    "start": 1639387284695,
    "end": 1639387284696,
    "duration": 1,
    "pid": 64904,
    "index": 97
  },
  {
    "name": "Before Start in node_modules/_egg-core@4.21.0@egg-core/lib/egg.js:303:10",
    "start": 1639387284696,
    "end": 1639387284745,
    "duration": 49,
    "pid": 64904,
    "index": 98
  }
]