[
  {
    "name": "Process Start",
    "start": 1639387229708,
    "end": 1639387231014,
    "duration": 1306,
    "pid": 66652,
    "index": 0
  },
  {
    "name": "Application Start",
    "start": 1639387231015,
    "end": 1639387233488,
    "duration": 2473,
    "pid": 66652,
    "index": 1
  },
  {
    "name": "Load Plugin",
    "start": 1639387231022,
    "end": 1639387231096,
    "duration": 74,
    "pid": 66652,
    "index": 2
  },
  {
    "name": "Load Config",
    "start": 1639387231096,
    "end": 1639387231163,
    "duration": 67,
    "pid": 66652,
    "index": 3
  },
  {
    "name": "Require(0) config/config.default.js",
    "start": 1639387231098,
    "end": 1639387231111,
    "duration": 13,
    "pid": 66652,
    "index": 4
  },
  {
    "name": "Require(1) node_modules/_egg-session@3.3.0@egg-session/config/config.default.js",
    "start": 1639387231113,
    "end": 1639387231114,
    "duration": 1,
    "pid": 66652,
    "index": 5
  },
  {
    "name": "Require(2) node_modules/_egg-security@2.9.0@egg-security/config/config.default.js",
    "start": 1639387231114,
    "end": 1639387231115,
    "duration": 1,
    "pid": 66652,
    "index": 6
  },
  {
    "name": "Require(3) node_modules/_egg-jsonp@2.0.0@egg-jsonp/config/config.default.js",
    "start": 1639387231116,
    "end": 1639387231117,
    "duration": 1,
    "pid": 66652,
    "index": 7
  },
  {
    "name": "Require(4) node_modules/_egg-onerror@2.1.0@egg-onerror/config/config.default.js",
    "start": 1639387231118,
    "end": 1639387231118,
    "duration": 0,
    "pid": 66652,
    "index": 8
  },
  {
    "name": "Require(5) node_modules/_egg-i18n@2.1.1@egg-i18n/config/config.default.js",
    "start": 1639387231119,
    "end": 1639387231119,
    "duration": 0,
    "pid": 66652,
    "index": 9
  },
  {
    "name": "Require(6) node_modules/_egg-watcher@3.1.1@egg-watcher/config/config.default.js",
    "start": 1639387231121,
    "end": 1639387231122,
    "duration": 1,
    "pid": 66652,
    "index": 10
  },
  {
    "name": "Require(7) node_modules/_egg-schedule@3.6.6@egg-schedule/config/config.default.js",
    "start": 1639387231123,
    "end": 1639387231124,
    "duration": 1,
    "pid": 66652,
    "index": 11
  },
  {
    "name": "Require(8) node_modules/_egg-multipart@2.13.1@egg-multipart/config/config.default.js",
    "start": 1639387231125,
    "end": 1639387231126,
    "duration": 1,
    "pid": 66652,
    "index": 12
  },
  {
    "name": "Require(9) node_modules/_egg-development@2.7.0@egg-development/config/config.default.js",
    "start": 1639387231128,
    "end": 1639387231128,
    "duration": 0,
    "pid": 66652,
    "index": 13
  },
  {
    "name": "Require(10) node_modules/_egg-logrotator@3.1.0@egg-logrotator/config/config.default.js",
    "start": 1639387231129,
    "end": 1639387231130,
    "duration": 1,
    "pid": 66652,
    "index": 14
  },
  {
    "name": "Require(11) node_modules/_egg-static@2.2.0@egg-static/config/config.default.js",
    "start": 1639387231130,
    "end": 1639387231131,
    "duration": 1,
    "pid": 66652,
    "index": 15
  },
  {
    "name": "Require(12) node_modules/_egg-view@2.1.3@egg-view/config/config.default.js",
    "start": 1639387231132,
    "end": 1639387231132,
    "duration": 0,
    "pid": 66652,
    "index": 16
  },
  {
    "name": "Require(13) node_modules/_egg-mysql@3.0.0@egg-mysql/config/config.default.js",
    "start": 1639387231133,
    "end": 1639387231134,
    "duration": 1,
    "pid": 66652,
    "index": 17
  },
  {
    "name": "Require(14) node_modules/_egg-sequelize@5.2.2@egg-sequelize/config/config.default.js",
    "start": 1639387231134,
    "end": 1639387231135,
    "duration": 1,
    "pid": 66652,
    "index": 18
  },
  {
    "name": "Require(15) node_modules/_egg-redis@2.4.0@egg-redis/config/config.default.js",
    "start": 1639387231135,
    "end": 1639387231137,
    "duration": 2,
    "pid": 66652,
    "index": 19
  },
  {
    "name": "Require(16) node_modules/_egg-session-redis@2.1.0@egg-session-redis/config/config.default.js",
    "start": 1639387231138,
    "end": 1639387231139,
    "duration": 1,
    "pid": 66652,
    "index": 20
  },
  {
    "name": "Require(17) node_modules/_egg-validate@2.0.2@egg-validate/config/config.default.js",
    "start": 1639387231139,
    "end": 1639387231140,
    "duration": 1,
    "pid": 66652,
    "index": 21
  },
  {
    "name": "Require(18) node_modules/_egg-jwt@3.1.7@egg-jwt/config/config.default.js",
    "start": 1639387231141,
    "end": 1639387231142,
    "duration": 1,
    "pid": 66652,
    "index": 22
  },
  {
    "name": "Require(19) node_modules/_egg-socket.io@4.1.6@egg-socket.io/config/config.default.js",
    "start": 1639387231144,
    "end": 1639387231145,
    "duration": 1,
    "pid": 66652,
    "index": 23
  },
  {
    "name": "Require(20) node_modules/_egg-cors@2.2.3@egg-cors/config/config.default.js",
    "start": 1639387231146,
    "end": 1639387231146,
    "duration": 0,
    "pid": 66652,
    "index": 24
  },
  {
    "name": "Require(21) node_modules/_egg@2.33.0@egg/config/config.default.js",
    "start": 1639387231147,
    "end": 1639387231147,
    "duration": 0,
    "pid": 66652,
    "index": 25
  },
  {
    "name": "Require(22) config/config.default.js",
    "start": 1639387231149,
    "end": 1639387231149,
    "duration": 0,
    "pid": 66652,
    "index": 26
  },
  {
    "name": "Require(23) node_modules/_egg-security@2.9.0@egg-security/config/config.local.js",
    "start": 1639387231150,
    "end": 1639387231150,
    "duration": 0,
    "pid": 66652,
    "index": 27
  },
  {
    "name": "Require(24) node_modules/_egg-watcher@3.1.1@egg-watcher/config/config.local.js",
    "start": 1639387231153,
    "end": 1639387231154,
    "duration": 1,
    "pid": 66652,
    "index": 28
  },
  {
    "name": "Require(25) node_modules/_egg-view@2.1.3@egg-view/config/config.local.js",
    "start": 1639387231156,
    "end": 1639387231157,
    "duration": 1,
    "pid": 66652,
    "index": 29
  },
  {
    "name": "Require(26) node_modules/_egg@2.33.0@egg/config/config.local.js",
    "start": 1639387231162,
    "end": 1639387231163,
    "duration": 1,
    "pid": 66652,
    "index": 30
  },
  {
    "name": "Load extend/application.js",
    "start": 1639387231164,
    "end": 1639387231410,
    "duration": 246,
    "pid": 66652,
    "index": 31
  },
  {
    "name": "Require(27) node_modules/_egg-session@3.3.0@egg-session/app/extend/application.js",
    "start": 1639387231165,
    "end": 1639387231166,
    "duration": 1,
    "pid": 66652,
    "index": 32
  },
  {
    "name": "Require(28) node_modules/_egg-security@2.9.0@egg-security/app/extend/application.js",
    "start": 1639387231166,
    "end": 1639387231169,
    "duration": 3,
    "pid": 66652,
    "index": 33
  },
  {
    "name": "Require(29) node_modules/_egg-jsonp@2.0.0@egg-jsonp/app/extend/application.js",
    "start": 1639387231170,
    "end": 1639387231174,
    "duration": 4,
    "pid": 66652,
    "index": 34
  },
  {
    "name": "Require(30) node_modules/_egg-logrotator@3.1.0@egg-logrotator/app/extend/application.js",
    "start": 1639387231178,
    "end": 1639387231183,
    "duration": 5,
    "pid": 66652,
    "index": 35
  },
  {
    "name": "Require(31) node_modules/_egg-view@2.1.3@egg-view/app/extend/application.js",
    "start": 1639387231185,
    "end": 1639387231188,
    "duration": 3,
    "pid": 66652,
    "index": 36
  },
  {
    "name": "Require(32) node_modules/_egg-jwt@3.1.7@egg-jwt/app/extend/application.js",
    "start": 1639387231191,
    "end": 1639387231286,
    "duration": 95,
    "pid": 66652,
    "index": 37
  },
  {
    "name": "Require(33) node_modules/_egg-socket.io@4.1.6@egg-socket.io/app/extend/application.js",
    "start": 1639387231287,
    "end": 1639387231376,
    "duration": 89,
    "pid": 66652,
    "index": 38
  },
  {
    "name": "Require(34) app/extend/application.js",
    "start": 1639387231378,
    "end": 1639387231399,
    "duration": 21,
    "pid": 66652,
    "index": 39
  },
  {
    "name": "Load extend/request.js",
    "start": 1639387231410,
    "end": 1639387231433,
    "duration": 23,
    "pid": 66652,
    "index": 40
  },
  {
    "name": "Require(35) node_modules/_egg@2.33.0@egg/app/extend/request.js",
    "start": 1639387231419,
    "end": 1639387231422,
    "duration": 3,
    "pid": 66652,
    "index": 41
  },
  {
    "name": "Load extend/response.js",
    "start": 1639387231433,
    "end": 1639387231465,
    "duration": 32,
    "pid": 66652,
    "index": 42
  },
  {
    "name": "Require(36) node_modules/_egg@2.33.0@egg/app/extend/response.js",
    "start": 1639387231444,
    "end": 1639387231449,
    "duration": 5,
    "pid": 66652,
    "index": 43
  },
  {
    "name": "Load extend/context.js",
    "start": 1639387231465,
    "end": 1639387231638,
    "duration": 173,
    "pid": 66652,
    "index": 44
  },
  {
    "name": "Require(37) node_modules/_egg-security@2.9.0@egg-security/app/extend/context.js",
    "start": 1639387231466,
    "end": 1639387231495,
    "duration": 29,
    "pid": 66652,
    "index": 45
  },
  {
    "name": "Require(38) node_modules/_egg-jsonp@2.0.0@egg-jsonp/app/extend/context.js",
    "start": 1639387231495,
    "end": 1639387231498,
    "duration": 3,
    "pid": 66652,
    "index": 46
  },
  {
    "name": "Require(39) node_modules/_egg-i18n@2.1.1@egg-i18n/app/extend/context.js",
    "start": 1639387231499,
    "end": 1639387231500,
    "duration": 1,
    "pid": 66652,
    "index": 47
  },
  {
    "name": "Require(40) node_modules/_egg-multipart@2.13.1@egg-multipart/app/extend/context.js",
    "start": 1639387231501,
    "end": 1639387231610,
    "duration": 109,
    "pid": 66652,
    "index": 48
  },
  {
    "name": "Require(41) node_modules/_egg-view@2.1.3@egg-view/app/extend/context.js",
    "start": 1639387231613,
    "end": 1639387231615,
    "duration": 2,
    "pid": 66652,
    "index": 49
  },
  {
    "name": "Require(42) node_modules/_egg-validate@2.0.2@egg-validate/app/extend/context.js",
    "start": 1639387231617,
    "end": 1639387231617,
    "duration": 0,
    "pid": 66652,
    "index": 50
  },
  {
    "name": "Require(43) node_modules/_egg-passport@2.1.1@egg-passport/app/extend/context.js",
    "start": 1639387231618,
    "end": 1639387231619,
    "duration": 1,
    "pid": 66652,
    "index": 51
  },
  {
    "name": "Require(44) node_modules/_egg@2.33.0@egg/app/extend/context.js",
    "start": 1639387231620,
    "end": 1639387231623,
    "duration": 3,
    "pid": 66652,
    "index": 52
  },
  {
    "name": "Require(45) app/extend/context.js",
    "start": 1639387231623,
    "end": 1639387231624,
    "duration": 1,
    "pid": 66652,
    "index": 53
  },
  {
    "name": "Load extend/helper.js",
    "start": 1639387231638,
    "end": 1639387231694,
    "duration": 56,
    "pid": 66652,
    "index": 54
  },
  {
    "name": "Require(46) node_modules/_egg-security@2.9.0@egg-security/app/extend/helper.js",
    "start": 1639387231639,
    "end": 1639387231671,
    "duration": 32,
    "pid": 66652,
    "index": 55
  },
  {
    "name": "Require(47) node_modules/_egg@2.33.0@egg/app/extend/helper.js",
    "start": 1639387231681,
    "end": 1639387231682,
    "duration": 1,
    "pid": 66652,
    "index": 56
  },
  {
    "name": "Require(48) app/extend/helper.js",
    "start": 1639387231682,
    "end": 1639387231684,
    "duration": 2,
    "pid": 66652,
    "index": 57
  },
  {
    "name": "Load app.js",
    "start": 1639387231695,
    "end": 1639387231910,
    "duration": 215,
    "pid": 66652,
    "index": 58
  },
  {
    "name": "Require(49) node_modules/_egg-session@3.3.0@egg-session/app.js",
    "start": 1639387231696,
    "end": 1639387231696,
    "duration": 0,
    "pid": 66652,
    "index": 59
  },
  {
    "name": "Require(50) node_modules/_egg-security@2.9.0@egg-security/app.js",
    "start": 1639387231697,
    "end": 1639387231700,
    "duration": 3,
    "pid": 66652,
    "index": 60
  },
  {
    "name": "Require(51) node_modules/_egg-onerror@2.1.0@egg-onerror/app.js",
    "start": 1639387231701,
    "end": 1639387231721,
    "duration": 20,
    "pid": 66652,
    "index": 61
  },
  {
    "name": "Require(52) node_modules/_egg-i18n@2.1.1@egg-i18n/app.js",
    "start": 1639387231723,
    "end": 1639387231739,
    "duration": 16,
    "pid": 66652,
    "index": 62
  },
  {
    "name": "Require(53) node_modules/_egg-watcher@3.1.1@egg-watcher/app.js",
    "start": 1639387231740,
    "end": 1639387231749,
    "duration": 9,
    "pid": 66652,
    "index": 63
  },
  {
    "name": "Require(54) node_modules/_egg-schedule@3.6.6@egg-schedule/app.js",
    "start": 1639387231749,
    "end": 1639387231752,
    "duration": 3,
    "pid": 66652,
    "index": 64
  },
  {
    "name": "Require(55) node_modules/_egg-multipart@2.13.1@egg-multipart/app.js",
    "start": 1639387231753,
    "end": 1639387231753,
    "duration": 0,
    "pid": 66652,
    "index": 65
  },
  {
    "name": "Require(56) node_modules/_egg-development@2.7.0@egg-development/app.js",
    "start": 1639387231755,
    "end": 1639387231756,
    "duration": 1,
    "pid": 66652,
    "index": 66
  },
  {
    "name": "Require(57) node_modules/_egg-logrotator@3.1.0@egg-logrotator/app.js",
    "start": 1639387231756,
    "end": 1639387231759,
    "duration": 3,
    "pid": 66652,
    "index": 67
  },
  {
    "name": "Require(58) node_modules/_egg-static@2.2.0@egg-static/app.js",
    "start": 1639387231760,
    "end": 1639387231761,
    "duration": 1,
    "pid": 66652,
    "index": 68
  },
  {
    "name": "Require(59) node_modules/_egg-mysql@3.0.0@egg-mysql/app.js",
    "start": 1639387231763,
    "end": 1639387231791,
    "duration": 28,
    "pid": 66652,
    "index": 69
  },
  {
    "name": "Require(60) node_modules/_egg-sequelize@5.2.2@egg-sequelize/app.js",
    "start": 1639387231791,
    "end": 1639387231792,
    "duration": 1,
    "pid": 66652,
    "index": 70
  },
  {
    "name": "Require(61) node_modules/_egg-redis@2.4.0@egg-redis/app.js",
    "start": 1639387231793,
    "end": 1639387231795,
    "duration": 2,
    "pid": 66652,
    "index": 71
  },
  {
    "name": "Require(62) node_modules/_egg-session-redis@2.1.0@egg-session-redis/app.js",
    "start": 1639387231796,
    "end": 1639387231796,
    "duration": 0,
    "pid": 66652,
    "index": 72
  },
  {
    "name": "Require(63) node_modules/_egg-validate@2.0.2@egg-validate/app.js",
    "start": 1639387231797,
    "end": 1639387231799,
    "duration": 2,
    "pid": 66652,
    "index": 73
  },
  {
    "name": "Require(64) node_modules/_egg-jwt@3.1.7@egg-jwt/app.js",
    "start": 1639387231800,
    "end": 1639387231800,
    "duration": 0,
    "pid": 66652,
    "index": 74
  },
  {
    "name": "Require(65) node_modules/_egg-passport@2.1.1@egg-passport/app.js",
    "start": 1639387231801,
    "end": 1639387231828,
    "duration": 27,
    "pid": 66652,
    "index": 75
  },
  {
    "name": "Require(66) node_modules/_egg-socket.io@4.1.6@egg-socket.io/app.js",
    "start": 1639387231829,
    "end": 1639387231907,
    "duration": 78,
    "pid": 66652,
    "index": 76
  },
  {
    "name": "Require(67) node_modules/_egg-cors@2.2.3@egg-cors/app.js",
    "start": 1639387231908,
    "end": 1639387231908,
    "duration": 0,
    "pid": 66652,
    "index": 77
  },
  {
    "name": "Require(68) app.js",
    "start": 1639387231910,
    "end": 1639387231910,
    "duration": 0,
    "pid": 66652,
    "index": 78
  },
  {
    "name": "Before Start in node_modules/_egg-watcher@3.1.1@egg-watcher/lib/init.js:15:14",
    "start": 1639387231925,
    "end": 1639387233456,
    "duration": 1531,
    "pid": 66652,
    "index": 79
  },
  {
    "name": "Before Start in node_modules/_egg-mysql@3.0.0@egg-mysql/lib/mysql.js:20:7",
    "start": 1639387232094,
    "end": 1639387233453,
    "duration": 1359,
    "pid": 66652,
    "index": 80
  },
  {
    "name": "Load \"Symbol(model)\" to Application",
    "start": 1639387232630,
    "end": 1639387232688,
    "duration": 58,
    "pid": 66652,
    "index": 81
  },
  {
    "name": "Before Start in node_modules/_egg-sequelize@5.2.2@egg-sequelize/lib/loader.js:39:7",
    "start": 1639387232688,
    "end": 1639387233487,
    "duration": 799,
    "pid": 66652,
    "index": 82
  },
  {
    "name": "Before Start in node_modules/_egg-redis@2.4.0@egg-redis/lib/redis.js:53:7",
    "start": 1639387232769,
    "end": 1639387232770,
    "duration": 1,
    "pid": 66652,
    "index": 83
  },
  {
    "name": "Before Start in node_modules/_egg-redis@2.4.0@egg-redis/lib/redis.js:53:7",
    "start": 1639387232770,
    "end": 1639387232770,
    "duration": 0,
    "pid": 66652,
    "index": 84
  },
  {
    "name": "Before Start in node_modules/_egg-redis@2.4.0@egg-redis/lib/redis.js:53:7",
    "start": 1639387232770,
    "end": 1639387233420,
    "duration": 650,
    "pid": 66652,
    "index": 85
  },
  {
    "name": "Load Controller",
    "start": 1639387232789,
    "end": 1639387233084,
    "duration": 295,
    "pid": 66652,
    "index": 86
  },
  {
    "name": "Load \"controller\" to Application",
    "start": 1639387232789,
    "end": 1639387233084,
    "duration": 295,
    "pid": 66652,
    "index": 87
  },
  {
    "name": "Before Start in node_modules/_egg-socket.io@4.1.6@egg-socket.io/lib/io.js:26:7",
    "start": 1639387232805,
    "end": 1639387233343,
    "duration": 538,
    "pid": 66652,
    "index": 88
  },
  {
    "name": "Before Start in app.js:4:7",
    "start": 1639387232805,
    "end": 1639387233343,
    "duration": 538,
    "pid": 66652,
    "index": 89
  },
  {
    "name": "Load Service",
    "start": 1639387232805,
    "end": 1639387232844,
    "duration": 39,
    "pid": 66652,
    "index": 90
  },
  {
    "name": "Load \"service\" to Context",
    "start": 1639387232805,
    "end": 1639387232844,
    "duration": 39,
    "pid": 66652,
    "index": 91
  },
  {
    "name": "Load Middleware",
    "start": 1639387232845,
    "end": 1639387233084,
    "duration": 239,
    "pid": 66652,
    "index": 92
  },
  {
    "name": "Load \"middlewares\" to Application",
    "start": 1639387232845,
    "end": 1639387233053,
    "duration": 208,
    "pid": 66652,
    "index": 93
  },
  {
    "name": "Load Controller",
    "start": 1639387233084,
    "end": 1639387233110,
    "duration": 26,
    "pid": 66652,
    "index": 94
  },
  {
    "name": "Load \"controller\" to Application",
    "start": 1639387233084,
    "end": 1639387233110,
    "duration": 26,
    "pid": 66652,
    "index": 95
  },
  {
    "name": "Load Router",
    "start": 1639387233110,
    "end": 1639387233128,
    "duration": 18,
    "pid": 66652,
    "index": 96
  },
  {
    "name": "Require(69) app/router.js",
    "start": 1639387233111,
    "end": 1639387233112,
    "duration": 1,
    "pid": 66652,
    "index": 97
  },
  {
    "name": "Before Start in node_modules/_egg-core@4.21.0@egg-core/lib/egg.js:303:10",
    "start": 1639387233113,
    "end": 1639387233343,
    "duration": 230,
    "pid": 66652,
    "index": 98
  }
]