[
  {
    "name": "Process Start",
    "start": 1639387274380,
    "end": 1639387275611,
    "duration": 1231,
    "pid": 66544,
    "index": 0
  },
  {
    "name": "Application Start",
    "start": 1639387275612,
    "end": 1639387278078,
    "duration": 2466,
    "pid": 66544,
    "index": 1
  },
  {
    "name": "Load Plugin",
    "start": 1639387275619,
    "end": 1639387275683,
    "duration": 64,
    "pid": 66544,
    "index": 2
  },
  {
    "name": "Load Config",
    "start": 1639387275683,
    "end": 1639387275751,
    "duration": 68,
    "pid": 66544,
    "index": 3
  },
  {
    "name": "Require(0) config/config.default.js",
    "start": 1639387275684,
    "end": 1639387275701,
    "duration": 17,
    "pid": 66544,
    "index": 4
  },
  {
    "name": "Require(1) node_modules/_egg-session@3.3.0@egg-session/config/config.default.js",
    "start": 1639387275703,
    "end": 1639387275704,
    "duration": 1,
    "pid": 66544,
    "index": 5
  },
  {
    "name": "Require(2) node_modules/_egg-security@2.9.0@egg-security/config/config.default.js",
    "start": 1639387275705,
    "end": 1639387275705,
    "duration": 0,
    "pid": 66544,
    "index": 6
  },
  {
    "name": "Require(3) node_modules/_egg-jsonp@2.0.0@egg-jsonp/config/config.default.js",
    "start": 1639387275706,
    "end": 1639387275707,
    "duration": 1,
    "pid": 66544,
    "index": 7
  },
  {
    "name": "Require(4) node_modules/_egg-onerror@2.1.0@egg-onerror/config/config.default.js",
    "start": 1639387275710,
    "end": 1639387275711,
    "duration": 1,
    "pid": 66544,
    "index": 8
  },
  {
    "name": "Require(5) node_modules/_egg-i18n@2.1.1@egg-i18n/config/config.default.js",
    "start": 1639387275712,
    "end": 1639387275712,
    "duration": 0,
    "pid": 66544,
    "index": 9
  },
  {
    "name": "Require(6) node_modules/_egg-watcher@3.1.1@egg-watcher/config/config.default.js",
    "start": 1639387275713,
    "end": 1639387275714,
    "duration": 1,
    "pid": 66544,
    "index": 10
  },
  {
    "name": "Require(7) node_modules/_egg-schedule@3.6.6@egg-schedule/config/config.default.js",
    "start": 1639387275715,
    "end": 1639387275715,
    "duration": 0,
    "pid": 66544,
    "index": 11
  },
  {
    "name": "Require(8) node_modules/_egg-multipart@2.13.1@egg-multipart/config/config.default.js",
    "start": 1639387275716,
    "end": 1639387275717,
    "duration": 1,
    "pid": 66544,
    "index": 12
  },
  {
    "name": "Require(9) node_modules/_egg-development@2.7.0@egg-development/config/config.default.js",
    "start": 1639387275717,
    "end": 1639387275718,
    "duration": 1,
    "pid": 66544,
    "index": 13
  },
  {
    "name": "Require(10) node_modules/_egg-logrotator@3.1.0@egg-logrotator/config/config.default.js",
    "start": 1639387275719,
    "end": 1639387275719,
    "duration": 0,
    "pid": 66544,
    "index": 14
  },
  {
    "name": "Require(11) node_modules/_egg-static@2.2.0@egg-static/config/config.default.js",
    "start": 1639387275720,
    "end": 1639387275721,
    "duration": 1,
    "pid": 66544,
    "index": 15
  },
  {
    "name": "Require(12) node_modules/_egg-view@2.1.3@egg-view/config/config.default.js",
    "start": 1639387275722,
    "end": 1639387275722,
    "duration": 0,
    "pid": 66544,
    "index": 16
  },
  {
    "name": "Require(13) node_modules/_egg-mysql@3.0.0@egg-mysql/config/config.default.js",
    "start": 1639387275723,
    "end": 1639387275725,
    "duration": 2,
    "pid": 66544,
    "index": 17
  },
  {
    "name": "Require(14) node_modules/_egg-sequelize@5.2.2@egg-sequelize/config/config.default.js",
    "start": 1639387275726,
    "end": 1639387275727,
    "duration": 1,
    "pid": 66544,
    "index": 18
  },
  {
    "name": "Require(15) node_modules/_egg-redis@2.4.0@egg-redis/config/config.default.js",
    "start": 1639387275728,
    "end": 1639387275728,
    "duration": 0,
    "pid": 66544,
    "index": 19
  },
  {
    "name": "Require(16) node_modules/_egg-session-redis@2.1.0@egg-session-redis/config/config.default.js",
    "start": 1639387275729,
    "end": 1639387275730,
    "duration": 1,
    "pid": 66544,
    "index": 20
  },
  {
    "name": "Require(17) node_modules/_egg-validate@2.0.2@egg-validate/config/config.default.js",
    "start": 1639387275730,
    "end": 1639387275731,
    "duration": 1,
    "pid": 66544,
    "index": 21
  },
  {
    "name": "Require(18) node_modules/_egg-jwt@3.1.7@egg-jwt/config/config.default.js",
    "start": 1639387275731,
    "end": 1639387275732,
    "duration": 1,
    "pid": 66544,
    "index": 22
  },
  {
    "name": "Require(19) node_modules/_egg-socket.io@4.1.6@egg-socket.io/config/config.default.js",
    "start": 1639387275733,
    "end": 1639387275734,
    "duration": 1,
    "pid": 66544,
    "index": 23
  },
  {
    "name": "Require(20) node_modules/_egg-cors@2.2.3@egg-cors/config/config.default.js",
    "start": 1639387275735,
    "end": 1639387275735,
    "duration": 0,
    "pid": 66544,
    "index": 24
  },
  {
    "name": "Require(21) node_modules/_egg@2.33.0@egg/config/config.default.js",
    "start": 1639387275736,
    "end": 1639387275736,
    "duration": 0,
    "pid": 66544,
    "index": 25
  },
  {
    "name": "Require(22) config/config.default.js",
    "start": 1639387275738,
    "end": 1639387275738,
    "duration": 0,
    "pid": 66544,
    "index": 26
  },
  {
    "name": "Require(23) node_modules/_egg-security@2.9.0@egg-security/config/config.local.js",
    "start": 1639387275740,
    "end": 1639387275740,
    "duration": 0,
    "pid": 66544,
    "index": 27
  },
  {
    "name": "Require(24) node_modules/_egg-watcher@3.1.1@egg-watcher/config/config.local.js",
    "start": 1639387275743,
    "end": 1639387275743,
    "duration": 0,
    "pid": 66544,
    "index": 28
  },
  {
    "name": "Require(25) node_modules/_egg-view@2.1.3@egg-view/config/config.local.js",
    "start": 1639387275746,
    "end": 1639387275747,
    "duration": 1,
    "pid": 66544,
    "index": 29
  },
  {
    "name": "Require(26) node_modules/_egg@2.33.0@egg/config/config.local.js",
    "start": 1639387275750,
    "end": 1639387275751,
    "duration": 1,
    "pid": 66544,
    "index": 30
  },
  {
    "name": "Load extend/application.js",
    "start": 1639387275752,
    "end": 1639387275983,
    "duration": 231,
    "pid": 66544,
    "index": 31
  },
  {
    "name": "Require(27) node_modules/_egg-session@3.3.0@egg-session/app/extend/application.js",
    "start": 1639387275753,
    "end": 1639387275754,
    "duration": 1,
    "pid": 66544,
    "index": 32
  },
  {
    "name": "Require(28) node_modules/_egg-security@2.9.0@egg-security/app/extend/application.js",
    "start": 1639387275755,
    "end": 1639387275758,
    "duration": 3,
    "pid": 66544,
    "index": 33
  },
  {
    "name": "Require(29) node_modules/_egg-jsonp@2.0.0@egg-jsonp/app/extend/application.js",
    "start": 1639387275758,
    "end": 1639387275762,
    "duration": 4,
    "pid": 66544,
    "index": 34
  },
  {
    "name": "Require(30) node_modules/_egg-logrotator@3.1.0@egg-logrotator/app/extend/application.js",
    "start": 1639387275765,
    "end": 1639387275769,
    "duration": 4,
    "pid": 66544,
    "index": 35
  },
  {
    "name": "Require(31) node_modules/_egg-view@2.1.3@egg-view/app/extend/application.js",
    "start": 1639387275771,
    "end": 1639387275776,
    "duration": 5,
    "pid": 66544,
    "index": 36
  },
  {
    "name": "Require(32) node_modules/_egg-jwt@3.1.7@egg-jwt/app/extend/application.js",
    "start": 1639387275779,
    "end": 1639387275865,
    "duration": 86,
    "pid": 66544,
    "index": 37
  },
  {
    "name": "Require(33) node_modules/_egg-socket.io@4.1.6@egg-socket.io/app/extend/application.js",
    "start": 1639387275866,
    "end": 1639387275951,
    "duration": 85,
    "pid": 66544,
    "index": 38
  },
  {
    "name": "Require(34) app/extend/application.js",
    "start": 1639387275953,
    "end": 1639387275973,
    "duration": 20,
    "pid": 66544,
    "index": 39
  },
  {
    "name": "Load extend/request.js",
    "start": 1639387275983,
    "end": 1639387276009,
    "duration": 26,
    "pid": 66544,
    "index": 40
  },
  {
    "name": "Require(35) node_modules/_egg@2.33.0@egg/app/extend/request.js",
    "start": 1639387275995,
    "end": 1639387275998,
    "duration": 3,
    "pid": 66544,
    "index": 41
  },
  {
    "name": "Load extend/response.js",
    "start": 1639387276009,
    "end": 1639387276034,
    "duration": 25,
    "pid": 66544,
    "index": 42
  },
  {
    "name": "Require(36) node_modules/_egg@2.33.0@egg/app/extend/response.js",
    "start": 1639387276018,
    "end": 1639387276024,
    "duration": 6,
    "pid": 66544,
    "index": 43
  },
  {
    "name": "Load extend/context.js",
    "start": 1639387276034,
    "end": 1639387276209,
    "duration": 175,
    "pid": 66544,
    "index": 44
  },
  {
    "name": "Require(37) node_modules/_egg-security@2.9.0@egg-security/app/extend/context.js",
    "start": 1639387276035,
    "end": 1639387276062,
    "duration": 27,
    "pid": 66544,
    "index": 45
  },
  {
    "name": "Require(38) node_modules/_egg-jsonp@2.0.0@egg-jsonp/app/extend/context.js",
    "start": 1639387276063,
    "end": 1639387276065,
    "duration": 2,
    "pid": 66544,
    "index": 46
  },
  {
    "name": "Require(39) node_modules/_egg-i18n@2.1.1@egg-i18n/app/extend/context.js",
    "start": 1639387276066,
    "end": 1639387276067,
    "duration": 1,
    "pid": 66544,
    "index": 47
  },
  {
    "name": "Require(40) node_modules/_egg-multipart@2.13.1@egg-multipart/app/extend/context.js",
    "start": 1639387276069,
    "end": 1639387276184,
    "duration": 115,
    "pid": 66544,
    "index": 48
  },
  {
    "name": "Require(41) node_modules/_egg-view@2.1.3@egg-view/app/extend/context.js",
    "start": 1639387276186,
    "end": 1639387276188,
    "duration": 2,
    "pid": 66544,
    "index": 49
  },
  {
    "name": "Require(42) node_modules/_egg-validate@2.0.2@egg-validate/app/extend/context.js",
    "start": 1639387276190,
    "end": 1639387276190,
    "duration": 0,
    "pid": 66544,
    "index": 50
  },
  {
    "name": "Require(43) node_modules/_egg-passport@2.1.1@egg-passport/app/extend/context.js",
    "start": 1639387276191,
    "end": 1639387276192,
    "duration": 1,
    "pid": 66544,
    "index": 51
  },
  {
    "name": "Require(44) node_modules/_egg@2.33.0@egg/app/extend/context.js",
    "start": 1639387276194,
    "end": 1639387276197,
    "duration": 3,
    "pid": 66544,
    "index": 52
  },
  {
    "name": "Require(45) app/extend/context.js",
    "start": 1639387276198,
    "end": 1639387276198,
    "duration": 0,
    "pid": 66544,
    "index": 53
  },
  {
    "name": "Load extend/helper.js",
    "start": 1639387276209,
    "end": 1639387276257,
    "duration": 48,
    "pid": 66544,
    "index": 54
  },
  {
    "name": "Require(46) node_modules/_egg-security@2.9.0@egg-security/app/extend/helper.js",
    "start": 1639387276211,
    "end": 1639387276239,
    "duration": 28,
    "pid": 66544,
    "index": 55
  },
  {
    "name": "Require(47) node_modules/_egg@2.33.0@egg/app/extend/helper.js",
    "start": 1639387276247,
    "end": 1639387276247,
    "duration": 0,
    "pid": 66544,
    "index": 56
  },
  {
    "name": "Require(48) app/extend/helper.js",
    "start": 1639387276248,
    "end": 1639387276249,
    "duration": 1,
    "pid": 66544,
    "index": 57
  },
  {
    "name": "Load app.js",
    "start": 1639387276258,
    "end": 1639387276505,
    "duration": 247,
    "pid": 66544,
    "index": 58
  },
  {
    "name": "Require(49) node_modules/_egg-session@3.3.0@egg-session/app.js",
    "start": 1639387276258,
    "end": 1639387276259,
    "duration": 1,
    "pid": 66544,
    "index": 59
  },
  {
    "name": "Require(50) node_modules/_egg-security@2.9.0@egg-security/app.js",
    "start": 1639387276260,
    "end": 1639387276266,
    "duration": 6,
    "pid": 66544,
    "index": 60
  },
  {
    "name": "Require(51) node_modules/_egg-onerror@2.1.0@egg-onerror/app.js",
    "start": 1639387276267,
    "end": 1639387276285,
    "duration": 18,
    "pid": 66544,
    "index": 61
  },
  {
    "name": "Require(52) node_modules/_egg-i18n@2.1.1@egg-i18n/app.js",
    "start": 1639387276286,
    "end": 1639387276302,
    "duration": 16,
    "pid": 66544,
    "index": 62
  },
  {
    "name": "Require(53) node_modules/_egg-watcher@3.1.1@egg-watcher/app.js",
    "start": 1639387276303,
    "end": 1639387276313,
    "duration": 10,
    "pid": 66544,
    "index": 63
  },
  {
    "name": "Require(54) node_modules/_egg-schedule@3.6.6@egg-schedule/app.js",
    "start": 1639387276314,
    "end": 1639387276318,
    "duration": 4,
    "pid": 66544,
    "index": 64
  },
  {
    "name": "Require(55) node_modules/_egg-multipart@2.13.1@egg-multipart/app.js",
    "start": 1639387276318,
    "end": 1639387276319,
    "duration": 1,
    "pid": 66544,
    "index": 65
  },
  {
    "name": "Require(56) node_modules/_egg-development@2.7.0@egg-development/app.js",
    "start": 1639387276319,
    "end": 1639387276319,
    "duration": 0,
    "pid": 66544,
    "index": 66
  },
  {
    "name": "Require(57) node_modules/_egg-logrotator@3.1.0@egg-logrotator/app.js",
    "start": 1639387276320,
    "end": 1639387276321,
    "duration": 1,
    "pid": 66544,
    "index": 67
  },
  {
    "name": "Require(58) node_modules/_egg-static@2.2.0@egg-static/app.js",
    "start": 1639387276322,
    "end": 1639387276322,
    "duration": 0,
    "pid": 66544,
    "index": 68
  },
  {
    "name": "Require(59) node_modules/_egg-mysql@3.0.0@egg-mysql/app.js",
    "start": 1639387276325,
    "end": 1639387276379,
    "duration": 54,
    "pid": 66544,
    "index": 69
  },
  {
    "name": "Require(60) node_modules/_egg-sequelize@5.2.2@egg-sequelize/app.js",
    "start": 1639387276380,
    "end": 1639387276381,
    "duration": 1,
    "pid": 66544,
    "index": 70
  },
  {
    "name": "Require(61) node_modules/_egg-redis@2.4.0@egg-redis/app.js",
    "start": 1639387276381,
    "end": 1639387276385,
    "duration": 4,
    "pid": 66544,
    "index": 71
  },
  {
    "name": "Require(62) node_modules/_egg-session-redis@2.1.0@egg-session-redis/app.js",
    "start": 1639387276388,
    "end": 1639387276389,
    "duration": 1,
    "pid": 66544,
    "index": 72
  },
  {
    "name": "Require(63) node_modules/_egg-validate@2.0.2@egg-validate/app.js",
    "start": 1639387276390,
    "end": 1639387276396,
    "duration": 6,
    "pid": 66544,
    "index": 73
  },
  {
    "name": "Require(64) node_modules/_egg-jwt@3.1.7@egg-jwt/app.js",
    "start": 1639387276397,
    "end": 1639387276398,
    "duration": 1,
    "pid": 66544,
    "index": 74
  },
  {
    "name": "Require(65) node_modules/_egg-passport@2.1.1@egg-passport/app.js",
    "start": 1639387276398,
    "end": 1639387276425,
    "duration": 27,
    "pid": 66544,
    "index": 75
  },
  {
    "name": "Require(66) node_modules/_egg-socket.io@4.1.6@egg-socket.io/app.js",
    "start": 1639387276426,
    "end": 1639387276501,
    "duration": 75,
    "pid": 66544,
    "index": 76
  },
  {
    "name": "Require(67) node_modules/_egg-cors@2.2.3@egg-cors/app.js",
    "start": 1639387276502,
    "end": 1639387276503,
    "duration": 1,
    "pid": 66544,
    "index": 77
  },
  {
    "name": "Require(68) app.js",
    "start": 1639387276504,
    "end": 1639387276505,
    "duration": 1,
    "pid": 66544,
    "index": 78
  },
  {
    "name": "Before Start in node_modules/_egg-watcher@3.1.1@egg-watcher/lib/init.js:15:14",
    "start": 1639387276523,
    "end": 1639387278041,
    "duration": 1518,
    "pid": 66544,
    "index": 79
  },
  {
    "name": "Before Start in node_modules/_egg-mysql@3.0.0@egg-mysql/lib/mysql.js:20:7",
    "start": 1639387276682,
    "end": 1639387278039,
    "duration": 1357,
    "pid": 66544,
    "index": 80
  },
  {
    "name": "Load \"Symbol(model)\" to Application",
    "start": 1639387277266,
    "end": 1639387277322,
    "duration": 56,
    "pid": 66544,
    "index": 81
  },
  {
    "name": "Before Start in node_modules/_egg-sequelize@5.2.2@egg-sequelize/lib/loader.js:39:7",
    "start": 1639387277322,
    "end": 1639387278078,
    "duration": 756,
    "pid": 66544,
    "index": 82
  },
  {
    "name": "Before Start in node_modules/_egg-redis@2.4.0@egg-redis/lib/redis.js:53:7",
    "start": 1639387277408,
    "end": 1639387277408,
    "duration": 0,
    "pid": 66544,
    "index": 83
  },
  {
    "name": "Before Start in node_modules/_egg-redis@2.4.0@egg-redis/lib/redis.js:53:7",
    "start": 1639387277408,
    "end": 1639387277408,
    "duration": 0,
    "pid": 66544,
    "index": 84
  },
  {
    "name": "Before Start in node_modules/_egg-redis@2.4.0@egg-redis/lib/redis.js:53:7",
    "start": 1639387277408,
    "end": 1639387277990,
    "duration": 582,
    "pid": 66544,
    "index": 85
  },
  {
    "name": "Load Controller",
    "start": 1639387277429,
    "end": 1639387277843,
    "duration": 414,
    "pid": 66544,
    "index": 86
  },
  {
    "name": "Load \"controller\" to Application",
    "start": 1639387277429,
    "end": 1639387277843,
    "duration": 414,
    "pid": 66544,
    "index": 87
  },
  {
    "name": "Before Start in node_modules/_egg-socket.io@4.1.6@egg-socket.io/lib/io.js:26:7",
    "start": 1639387277446,
    "end": 1639387277943,
    "duration": 497,
    "pid": 66544,
    "index": 88
  },
  {
    "name": "Before Start in app.js:4:7",
    "start": 1639387277447,
    "end": 1639387277943,
    "duration": 496,
    "pid": 66544,
    "index": 89
  },
  {
    "name": "Load Service",
    "start": 1639387277447,
    "end": 1639387277490,
    "duration": 43,
    "pid": 66544,
    "index": 90
  },
  {
    "name": "Load \"service\" to Context",
    "start": 1639387277447,
    "end": 1639387277490,
    "duration": 43,
    "pid": 66544,
    "index": 91
  },
  {
    "name": "Load Middleware",
    "start": 1639387277490,
    "end": 1639387277843,
    "duration": 353,
    "pid": 66544,
    "index": 92
  },
  {
    "name": "Load \"middlewares\" to Application",
    "start": 1639387277490,
    "end": 1639387277805,
    "duration": 315,
    "pid": 66544,
    "index": 93
  },
  {
    "name": "Load Controller",
    "start": 1639387277843,
    "end": 1639387277877,
    "duration": 34,
    "pid": 66544,
    "index": 94
  },
  {
    "name": "Load \"controller\" to Application",
    "start": 1639387277843,
    "end": 1639387277877,
    "duration": 34,
    "pid": 66544,
    "index": 95
  },
  {
    "name": "Load Router",
    "start": 1639387277877,
    "end": 1639387277883,
    "duration": 6,
    "pid": 66544,
    "index": 96
  },
  {
    "name": "Require(69) app/router.js",
    "start": 1639387277879,
    "end": 1639387277879,
    "duration": 0,
    "pid": 66544,
    "index": 97
  },
  {
    "name": "Before Start in node_modules/_egg-core@4.21.0@egg-core/lib/egg.js:303:10",
    "start": 1639387277880,
    "end": 1639387277943,
    "duration": 63,
    "pid": 66544,
    "index": 98
  }
]